"Trade_date","PC_Ratio"
2003-10-17,2
2003-10-20,1.09
2003-10-21,1.27
2003-10-22,1.89
2003-10-23,1.6
2003-10-24,1.49
2003-10-27,1.37
2003-10-28,1.06
2003-10-29,0.92
2003-10-30,1.49
2003-10-31,1.65
2003-11-03,1.29
2003-11-04,1.43
2003-11-05,1.57
2003-11-06,1.46
2003-11-07,1.85
2003-11-10,1.57
2003-11-11,2.1
2003-11-12,1.41
2003-11-13,1.58
2003-11-14,1.46
2003-11-17,1.53
2003-11-18,1.18
2003-11-19,1.13
2003-11-20,1.1
2003-11-21,1.4
2003-11-24,1.38
2003-11-25,1.17
2003-11-26,1.7
2003-11-28,1.28
2003-12-01,1.33
2003-12-02,1.56
2003-12-03,1.4
2003-12-04,1.62
2003-12-05,1.74
2003-12-08,1.91
2003-12-09,1.38
2003-12-10,1.46
2003-12-11,1.23
2003-12-12,1.49
2003-12-15,1.11
2003-12-16,1.35
2003-12-17,1.37
2003-12-18,0.87
2003-12-19,1.57
2003-12-22,3.28
2003-12-23,1.68
2003-12-24,3.12
2003-12-26,2.91
2003-12-29,1.09
2003-12-30,1.82
2003-12-31,2.96
2004-01-02,1.94
2004-01-05,1.44
2004-01-06,1.68
2004-01-07,1.67
2004-01-08,1.33
2004-01-09,1.75
2004-01-12,1.66
2004-01-13,1.07
2004-01-14,1.14
2004-01-15,1.06
2004-01-16,1.95
2004-01-20,1.22
2004-01-21,2.07
2004-01-22,2.24
2004-01-23,2.17
2004-01-26,1.22
2004-01-27,2.26
2004-01-28,1.9
2004-01-29,1.82
2004-01-30,1.3
2004-02-02,1.52
2004-02-03,1.72
2004-02-04,2.03
2004-02-05,1.36
2004-02-06,1.72
2004-02-09,1.57
2004-02-10,1.28
2004-02-11,1.19
2004-02-12,1.61
2004-02-13,1.58
2004-02-17,1.21
2004-02-18,1.34
2004-02-19,1.14
2004-02-20,2.02
2004-02-23,1.6
2004-02-24,1.49
2004-02-25,1.95
2004-02-26,1.34
2004-02-27,1.4
2004-03-01,1.26
2004-03-02,1.86
2004-03-03,1.24
2004-03-04,1.22
2004-03-05,1.5
2004-03-08,1.66
2004-03-09,1.33
2004-03-10,1.42
2004-03-11,1.92
2004-03-12,1.7
2004-03-15,1.6
2004-03-16,1.35
2004-03-17,1.16
2004-03-18,1.14
2004-03-19,1.6
2004-03-22,1.68
2004-03-23,1.06
2004-03-24,1.42
2004-03-25,1.19
2004-03-26,1.46
2004-03-29,1.45
2004-03-30,1.45
2004-03-31,2.27
2004-04-01,1.11
2004-04-02,1.62
2004-04-05,1.54
2004-04-06,1.57
2004-04-07,1.52
2004-04-08,1.42
2004-04-12,1.81
2004-04-13,1.39
2004-04-14,1.42
2004-04-15,1.37
2004-04-16,1.69
2004-04-19,1.23
2004-04-20,1.46
2004-04-21,1.37
2004-04-22,1.06
2004-04-23,1.16
2004-04-26,1.6
2004-04-27,1.8
2004-04-28,2.33
2004-04-29,2.13
2004-04-30,1.44
2004-05-03,1.71
2004-05-04,1.53
2004-05-05,1.96
2004-05-06,2.07
2004-05-07,1.77
2004-05-10,2.41
2004-05-11,1.68
2004-05-12,1.53
2004-05-13,1.89
2004-05-14,1.44
2004-05-17,1.87
2004-05-18,1.88
2004-05-19,1.49
2004-05-20,1.61
2004-05-21,2.12
2004-05-24,1.39
2004-05-25,1.67
2004-05-26,2.45
2004-05-27,2.12
2004-05-28,2.83
2004-06-01,2.08
2004-06-02,1.97
2004-06-03,1.59
2004-06-04,1.58
2004-06-07,1.35
2004-06-08,1.44
2004-06-09,1.69
2004-06-10,1.58
2004-06-14,1.59
2004-06-15,1.19
2004-06-16,1.03
2004-06-17,1.23
2004-06-18,1.78
2004-06-21,1.78
2004-06-22,1.37
2004-06-23,2.19
2004-06-24,1.42
2004-06-25,1.24
2004-06-28,1.4
2004-06-29,1.42
2004-06-30,0.96
2004-07-01,1.61
2004-07-02,1.27
2004-07-06,1.33
2004-07-07,1.34
2004-07-08,1.26
2004-07-09,0.98
2004-07-12,1.96
2004-07-13,1.48
2004-07-14,1.47
2004-07-15,1.48
2004-07-16,1.92
2004-07-19,1.22
2004-07-20,1.05
2004-07-21,1.64
2004-07-22,1.5
2004-07-23,1.75
2004-07-26,1.24
2004-07-27,1.38
2004-07-28,1.37
2004-07-29,1.04
2004-07-30,1.21
2004-08-02,1.32
2004-08-03,1.55
2004-08-04,1.59
2004-08-05,1.37
2004-08-06,1.65
2004-08-09,1.08
2004-08-10,1.33
2004-08-11,1.47
2004-08-12,1.32
2004-08-13,1.73
2004-08-16,1.36
2004-08-17,1.77
2004-08-18,1.31
2004-08-19,1.24
2004-08-20,1.64
2004-08-23,1.13
2004-08-24,1.64
2004-08-25,1.46
2004-08-26,1.35
2004-08-27,1.51
2004-08-30,1.49
2004-08-31,1.01
2004-09-01,2.2
2004-09-02,1.51
2004-09-03,1.64
2004-09-07,1.25
2004-09-08,2.29
2004-09-09,1.58
2004-09-10,2.24
2004-09-13,1.04
2004-09-14,1.62
2004-09-15,1.97
2004-09-16,1.11
2004-09-17,1.63
2004-09-20,2.43
2004-09-21,0.91
2004-09-22,1.66
2004-09-23,1.32
2004-09-24,1.39
2004-09-27,1.81
2004-09-28,1.11
2004-09-29,2.32
2004-09-30,1.64
2004-10-01,1.64
2004-10-04,1.83
2004-10-05,1.95
2004-10-06,1.47
2004-10-07,1.26
2004-10-08,1.6
2004-10-11,1.58
2004-10-12,1.28
2004-10-13,1.62
2004-10-14,1.58
2004-10-15,1.24
2004-10-18,1.05
2004-10-19,1.39
2004-10-20,0.94
2004-10-21,1.35
2004-10-22,0.99
2004-10-25,1.16
2004-10-26,1.18
2004-10-27,1.19
2004-10-28,1.16
2004-10-29,1.32
2004-11-01,1.54
2004-11-02,1.76
2004-11-03,1.42
2004-11-04,1.42
2004-11-05,1.32
2004-11-08,1.46
2004-11-09,1.6
2004-11-10,1.34
2004-11-11,1.41
2004-11-12,1.15
2004-11-15,1.21
2004-11-16,1.16
2004-11-17,1.02
2004-11-18,1.08
2004-11-19,2.53
2004-11-22,1.88
2004-11-23,1.55
2004-11-24,1.41
2004-11-26,1.76
2004-11-29,1.84
2004-11-30,1.68
2004-12-01,1.61
2004-12-02,1.62
2004-12-03,1.6
2004-12-06,1.44
2004-12-07,1.49
2004-12-08,1.8
2004-12-09,1
2004-12-10,1.34
2004-12-13,1.52
2004-12-14,1.28
2004-12-15,1.47
2004-12-16,1.52
2004-12-17,2.1
2004-12-20,1.76
2004-12-21,2.05
2004-12-22,2.13
2004-12-23,2.19
2004-12-27,1.49
2004-12-28,1.8
2004-12-29,3.51
2004-12-30,1.85
2004-12-31,1.68
2005-01-03,1.87
2005-01-04,1.35
2005-01-05,1.75
2005-01-06,1.44
2005-01-07,1.6
2005-01-10,1.42
2005-01-11,1.78
2005-01-12,1.72
2005-01-13,1.74
2005-01-14,1.19
2005-01-18,1.28
2005-01-19,1.24
2005-01-20,1.48
2005-01-21,1.91
2005-01-24,1.18
2005-01-25,1.5
2005-01-26,2.02
2005-01-27,1.84
2005-01-28,1.19
2005-01-31,1.46
2005-02-01,1.9
2005-02-02,1.51
2005-02-03,1.41
2005-02-04,1.65
2005-02-07,1.92
2005-02-08,1.76
2005-02-09,1.7
2005-02-10,1.87
2005-02-11,1.44
2005-02-14,1.73
2005-02-15,1.4
2005-02-16,1.09
2005-02-17,1.47
2005-02-18,1.76
2005-02-22,1.46
2005-02-23,1.96
2005-02-24,1.95
2005-02-25,1.32
2005-02-28,1.36
2005-03-01,1.79
2005-03-02,1.39
2005-03-03,1.39
2005-03-04,1.31
2005-03-07,1.38
2005-03-08,1.62
2005-03-09,1.9
2005-03-10,2.18
2005-03-11,1.97
2005-03-14,2
2005-03-15,1.41
2005-03-16,1.41
2005-03-17,1.97
2005-03-18,2.95
2005-03-21,1.25
2005-03-22,1.62
2005-03-23,1.62
2005-03-24,2.04
2005-03-28,1.43
2005-03-29,1.49
2005-03-30,1.4
2005-03-31,1.11
2005-04-01,1.61
2005-04-04,1.53
2005-04-05,1.48
2005-04-06,1.38
2005-04-07,1.06
2005-04-08,1.82
2005-04-11,2.01
2005-04-12,2.04
2005-04-13,1.53
2005-04-14,1.73
2005-04-15,2.17
2005-04-18,1.58
2005-04-19,2.09
2005-04-20,1.87
2005-04-21,1.28
2005-04-22,1.9
2005-04-25,1.21
2005-04-26,0.94
2005-04-27,1.79
2005-04-28,1.98
2005-04-29,1.65
2005-05-02,1.78
2005-05-03,1.71
2005-05-04,1.32
2005-05-05,2.14
2005-05-06,1.67
2005-05-09,1.4
2005-05-10,1.72
2005-05-11,1.8
2005-05-12,1.81
2005-05-13,1.58
2005-05-16,1.3
2005-05-17,1.67
2005-05-18,1.2
2005-05-19,1.11
2005-05-20,2.23
2005-05-23,1.8
2005-05-24,1.32
2005-05-25,2.14
2005-05-26,1.41
2005-05-27,1.61
2005-05-31,1.88
2005-06-01,0.89
2005-06-02,1.78
2005-06-03,1.9
2005-06-06,1.93
2005-06-07,1.42
2005-06-08,1.77
2005-06-09,1.99
2005-06-10,1.55
2005-06-13,1.45
2005-06-14,1.42
2005-06-15,1.46
2005-06-16,0.86
2005-06-17,1.93
2005-06-20,2.33
2005-06-21,2.75
2005-06-22,1.7
2005-06-23,1.83
2005-06-24,1.5
2005-06-27,1.83
2005-06-28,1.29
2005-06-29,1.39
2005-06-30,1.23
2005-07-01,2.1
2005-07-05,1.16
2005-07-06,2.5
2005-07-07,1.92
2005-07-08,1.58
2005-07-11,1.54
2005-07-12,1.53
2005-07-13,1.25
2005-07-14,1.27
2005-07-15,1.19
2005-07-18,2.89
2005-07-19,1.48
2005-07-20,1.96
2005-07-21,2.3
2005-07-22,1.97
2005-07-25,1.98
2005-07-26,1.95
2005-07-27,1.54
2005-07-28,1.53
2005-07-29,1.65
2005-08-01,2.13
2005-08-02,1.97
2005-08-03,2.1
2005-08-04,2.37
2005-08-05,2.77
2005-08-08,1.65
2005-08-09,1.82
2005-08-10,1.41
2005-08-11,2.02
2005-08-12,2.8
2005-08-15,0.83
2005-08-16,1.83
2005-08-17,2.09
2005-08-18,1.77
2005-08-19,1.7
2005-08-22,1.5
2005-08-23,2.39
2005-08-24,1.46
2005-08-25,1.98
2005-08-26,1.99
2005-08-29,2.04
2005-08-30,2.09
2005-08-31,1.58
2005-09-01,1.77
2005-09-02,3.01
2005-09-06,1.53
2005-09-07,1.75
2005-09-08,1.76
2005-09-09,1.6
2005-09-12,1.41
2005-09-13,1.55
2005-09-14,1.37
2005-09-15,1.05
2005-09-16,1.3
2005-09-19,2.54
2005-09-20,2.12
2005-09-21,2.42
2005-09-22,3.89
2005-09-23,1.87
2005-09-26,3.28
2005-09-27,1.7
2005-09-28,1.24
2005-09-29,1.4
2005-09-30,1.73
2005-10-03,1.93
2005-10-04,1.61
2005-10-05,1.57
2005-10-06,1.84
2005-10-07,1.68
2005-10-10,1.8
2005-10-11,2.55
2005-10-12,2.47
2005-10-13,2.26
2005-10-14,1.65
2005-10-17,1.48
2005-10-18,1.62
2005-10-19,1.64
2005-10-20,1.52
2005-10-21,1.65
2005-10-24,1.11
2005-10-25,1.73
2005-10-26,2.01
2005-10-27,2.54
2005-10-28,1.2
2005-10-31,1.69
2005-11-01,1.76
2005-11-02,1.26
2005-11-03,2.04
2005-11-04,2.05
2005-11-07,1.26
2005-11-08,0.91
2005-11-09,1.3
2005-11-10,1.1
2005-11-11,1.13
2005-11-14,1.59
2005-11-15,1.08
2005-11-16,1.18
2005-11-17,0.85
2005-11-18,0.86
2005-11-21,1.19
2005-11-22,2.16
2005-11-23,1.21
2005-11-25,1.59
2005-11-28,2.05
2005-11-29,2.37
2005-11-30,1.56
2005-12-01,1.57
2005-12-02,1.65
2005-12-05,1.72
2005-12-06,1.06
2005-12-07,1.13
2005-12-08,1.99
2005-12-09,1.37
2005-12-12,0.85
2005-12-13,0.83
2005-12-14,0.85
2005-12-15,0.41
2005-12-16,1.27
2005-12-19,1.85
2005-12-20,2.37
2005-12-21,0.72
2005-12-22,1.68
2005-12-23,1.39
2005-12-27,1.8
2005-12-28,1.88
2005-12-29,1.87
2005-12-30,1.39
2006-01-03,1.31
2006-01-04,1.36
2006-01-05,1.27
2006-01-06,0.87
2006-01-09,1.31
2006-01-10,1.22
2006-01-11,0.89
2006-01-12,1.44
2006-01-13,1.64
2006-01-17,1.6
2006-01-18,1.56
2006-01-19,1.64
2006-01-20,1.91
2006-01-23,1.62
2006-01-24,1.68
2006-01-25,1.74
2006-01-26,1.27
2006-01-27,1.45
2006-01-30,2.44
2006-01-31,2.24
2006-02-01,2.67
2006-02-02,2.16
2006-02-03,2.5
2006-02-06,1.56
2006-02-07,1.69
2006-02-08,1.39
2006-02-09,1.53
2006-02-10,0.86
2006-02-13,2.05
2006-02-14,1.36
2006-02-15,0.92
2006-02-16,0.89
2006-02-17,1.36
2006-02-21,2.04
2006-02-22,1.3
2006-02-23,1.69
2006-02-24,2.07
2006-02-27,1.1
2006-02-28,1.83
2006-03-01,1.16
2006-03-02,2.35
2006-03-03,1.41
2006-03-06,1.93
2006-03-07,1.63
2006-03-08,2.16
2006-03-09,1.83
2006-03-10,2.02
2006-03-13,1.48
2006-03-14,1.29
2006-03-15,0.95
2006-03-16,0.24
2006-03-17,1.05
2006-03-20,2.28
2006-03-21,2.04
2006-03-22,2.21
2006-03-23,1.38
2006-03-24,1.55
2006-03-27,2.04
2006-03-28,2.34
2006-03-29,1.22
2006-03-30,2.38
2006-03-31,1.68
2006-04-03,1.48
2006-04-04,1.97
2006-04-05,1.75
2006-04-06,1.43
2006-04-07,1.83
2006-04-10,1.39
2006-04-11,1.81
2006-04-12,1.6
2006-04-13,1.45
2006-04-17,1.65
2006-04-18,1.14
2006-04-19,1.53
2006-04-20,1.52
2006-04-21,1.65
2006-04-24,1.84
2006-04-25,2.2
2006-04-26,2.35
2006-04-27,1.23
2006-04-28,1.69
2006-05-01,1.92
2006-05-02,1.92
2006-05-03,1.95
2006-05-04,1.13
2006-05-05,1.72
2006-05-08,2.01
2006-05-09,1.5
2006-05-10,1.34
2006-05-11,1.47
2006-05-12,2.1
2006-05-15,2.42
2006-05-16,2.04
2006-05-17,2.44
2006-05-18,1.81
2006-05-19,1.95
2006-05-22,2.39
2006-05-23,2.42
2006-05-24,3.04
2006-05-25,1.82
2006-05-26,1.28
2006-05-30,2.54
2006-05-31,1.6
2006-06-01,1.84
2006-06-02,2.08
2006-06-05,1.71
2006-06-06,1.34
2006-06-07,2.3
2006-06-08,2.05
2006-06-09,1.62
2006-06-12,1.57
2006-06-13,1.99
2006-06-14,1.38
2006-06-15,1.18
2006-06-16,2.35
2006-06-19,1.94
2006-06-20,1.26
2006-06-21,1.54
2006-06-22,1.87
2006-06-23,1.98
2006-06-26,1.18
2006-06-27,2.15
2006-06-28,1.33
2006-06-29,0.95
2006-06-30,1.78
2006-07-03,2.39
2006-07-05,2.86
2006-07-06,1.24
2006-07-07,1.66
2006-07-10,1.98
2006-07-11,1.85
2006-07-12,2.3
2006-07-13,1.49
2006-07-14,1.81
2006-07-17,1.82
2006-07-18,1.59
2006-07-19,1.13
2006-07-20,1.82
2006-07-21,2.38
2006-07-24,0.95
2006-07-25,2.15
2006-07-26,2.61
2006-07-27,2.42
2006-07-28,1.54
2006-07-31,1.47
2006-08-01,1.44
2006-08-02,1.85
2006-08-03,1.57
2006-08-04,2.06
2006-08-07,1.1
2006-08-08,1.08
2006-08-09,1.67
2006-08-10,1.25
2006-08-11,1.45
2006-08-14,1.01
2006-08-15,1.09
2006-08-16,1.04
2006-08-17,1.27
2006-08-18,1.31
2006-08-21,1.74
2006-08-22,2.38
2006-08-23,2.45
2006-08-24,1.99
2006-08-25,1.51
2006-08-28,1.58
2006-08-29,1.75
2006-08-30,1.79
2006-08-31,1.24
2006-09-01,1.58
2006-09-05,1.86
2006-09-06,2.38
2006-09-07,1.75
2006-09-08,1.66
2006-09-11,1.7
2006-09-12,1.38
2006-09-13,1.03
2006-09-14,1.11
2006-09-15,1.26
2006-09-18,2.09
2006-09-19,3.16
2006-09-20,1.77
2006-09-21,1.42
2006-09-22,1.46
2006-09-25,1.54
2006-09-26,1.79
2006-09-27,1.55
2006-09-28,1.25
2006-09-29,1.18
2006-10-02,2.11
2006-10-03,1.78
2006-10-04,1.42
2006-10-05,1.22
2006-10-06,1.88
2006-10-09,2.72
2006-10-10,1.25
2006-10-11,2.04
2006-10-12,1.35
2006-10-13,1.3
2006-10-16,1.18
2006-10-17,1.44
2006-10-18,1.65
2006-10-19,1.06
2006-10-20,1.26
2006-10-23,1.08
2006-10-24,2.75
2006-10-25,1.78
2006-10-26,1.25
2006-10-27,2.49
2006-10-30,1.64
2006-10-31,1.89
2006-11-01,1.53
2006-11-02,1.93
2006-11-03,1.68
2006-11-06,1.4
2006-11-07,1.36
2006-11-08,1
2006-11-09,1.79
2006-11-10,1.64
2006-11-13,1.26
2006-11-14,1.2
2006-11-15,1.25
2006-11-16,1.21
2006-11-17,1.69
2006-11-20,1.64
2006-11-21,2.69
2006-11-22,1.99
2006-11-24,2.73
2006-11-27,2.62
2006-11-28,1.57
2006-11-29,0.9
2006-11-30,1.33
2006-12-01,1.55
2006-12-04,1.47
2006-12-05,1.28
2006-12-06,1.81
2006-12-07,1.41
2006-12-08,1.42
2006-12-11,1.15
2006-12-12,1.46
2006-12-13,1.51
2006-12-14,0.84
2006-12-15,1.2
2006-12-18,2.99
2006-12-19,1.49
2006-12-20,1.89
2006-12-21,1.59
2006-12-22,2.01
2006-12-26,1.72
2006-12-27,1.1
2006-12-28,1.24
2006-12-29,2.06
2007-01-03,1.67
2007-01-04,1.66
2007-01-05,1.77
2007-01-08,1.25
2007-01-09,1.11
2007-01-10,1.43
2007-01-11,1.1
2007-01-12,1.13
2007-01-16,1.75
2007-01-17,1.83
2007-01-18,1.53
2007-01-19,1.51
2007-01-22,1.61
2007-01-23,1.72
2007-01-24,1.68
2007-01-25,2.54
2007-01-26,1.73
2007-01-29,2.21
2007-01-30,1.9
2007-01-31,1.5
2007-02-01,1.58
2007-02-02,1.68
2007-02-05,1.95
2007-02-06,2.07
2007-02-07,1.55
2007-02-08,1.73
2007-02-09,1.44
2007-02-12,1.95
2007-02-13,1.38
2007-02-14,1.35
2007-02-15,1.11
2007-02-16,1.72
2007-02-20,1.53
2007-02-21,2.17
2007-02-22,1.95
2007-02-23,3.87
2007-02-26,1.95
2007-02-27,2.84
2007-02-28,1.51
2007-03-01,2.3
2007-03-02,1.92
2007-03-05,2.54
2007-03-06,1.9
2007-03-07,2.02
2007-03-08,1.31
2007-03-09,1.6
2007-03-12,1.57
2007-03-13,2.13
2007-03-14,2.46
2007-03-15,1.49
2007-03-16,2.07
2007-03-19,1.22
2007-03-20,1.39
2007-03-21,1.73
2007-03-22,1.35
2007-03-23,1.53
2007-03-26,1.55
2007-03-27,2.06
2007-03-28,2.41
2007-03-29,1.96
2007-03-30,2.39
2007-04-02,1.33
2007-04-03,2.12
2007-04-04,1.92
2007-04-05,1.29
2007-04-09,1.3
2007-04-10,2.35
2007-04-11,1.58
2007-04-12,1.79
2007-04-13,1.6
2007-04-16,1.25
2007-04-17,1.28
2007-04-18,1.31
2007-04-19,1.48
2007-04-20,1.29
2007-04-23,1.76
2007-04-24,2.52
2007-04-25,1.29
2007-04-26,1.41
2007-04-27,2.88
2007-04-30,1.7
2007-05-01,2.12
2007-05-02,1.36
2007-05-03,1.46
2007-05-04,1.72
2007-05-07,1.78
2007-05-08,2.27
2007-05-09,1.07
2007-05-10,2.01
2007-05-11,1.54
2007-05-14,1.49
2007-05-15,1.35
2007-05-16,1.45
2007-05-17,1.22
2007-05-18,2.09
2007-05-21,2
2007-05-22,3.85
2007-05-23,1.64
2007-05-24,2.26
2007-05-25,2.25
2007-05-29,1.81
2007-05-30,1.45
2007-05-31,1.9
2007-06-01,1.78
2007-06-04,2
2007-06-05,1.35
2007-06-06,2.01
2007-06-07,2.06
2007-06-08,1.91
2007-06-11,1.74
2007-06-12,1.75
2007-06-13,1.49
2007-06-14,1.09
2007-06-15,2.21
2007-06-18,1.76
2007-06-19,1.69
2007-06-20,1.82
2007-06-21,1.78
2007-06-22,1.71
2007-06-25,1.71
2007-06-26,2.01
2007-06-27,1.01
2007-06-28,1.49
2007-06-29,1.55
2007-07-02,1.86
2007-07-03,1.68
2007-07-05,2.01
2007-07-06,1.55
2007-07-09,1.76
2007-07-10,1.78
2007-07-11,1.49
2007-07-12,1.33
2007-07-13,2
2007-07-16,1.5
2007-07-17,1.71
2007-07-18,1.8
2007-07-19,1.24
2007-07-20,2.31
2007-07-23,1.78
2007-07-24,3.13
2007-07-25,1.87
2007-07-26,2.56
2007-07-27,2.28
2007-07-30,1.71
2007-07-31,2.07
2007-08-01,2.05
2007-08-02,1.65
2007-08-03,2.71
2007-08-06,1.86
2007-08-07,1.53
2007-08-08,1.61
2007-08-09,1.99
2007-08-10,1.84
2007-08-13,1.37
2007-08-14,1.73
2007-08-15,1.92
2007-08-16,1.97
2007-08-17,1.89
2007-08-20,1.41
2007-08-21,1.31
2007-08-22,2.01
2007-08-23,1.78
2007-08-24,1.53
2007-08-27,1.68
2007-08-28,1.95
2007-08-29,1.42
2007-08-30,1.47
2007-08-31,1.8
2007-09-04,1.81
2007-09-05,2.16
2007-09-06,1.37
2007-09-07,1.79
2007-09-10,1.72
2007-09-11,1.41
2007-09-12,1.35
2007-09-13,1.85
2007-09-14,2.09
2007-09-17,1.54
2007-09-18,1.45
2007-09-19,1.47
2007-09-20,1.48
2007-09-21,1.41
2007-09-24,1.11
2007-09-25,2.13
2007-09-26,1.37
2007-09-27,1.6
2007-09-28,1.58
2007-10-01,1.45
2007-10-02,1.91
2007-10-03,1.5
2007-10-04,1.37
2007-10-05,1.09
2007-10-08,1.59
2007-10-09,1.27
2007-10-10,1.81
2007-10-11,1.6
2007-10-12,1.41
2007-10-15,1.35
2007-10-16,1.33
2007-10-17,1.39
2007-10-18,1.24
2007-10-19,1.93
2007-10-22,1.76
2007-10-23,1.79
2007-10-24,1.41
2007-10-25,1.8
2007-10-26,1.55
2007-10-29,2.06
2007-10-30,1.95
2007-10-31,1.52
2007-11-01,1.48
2007-11-02,1.93
2007-11-05,1.63
2007-11-06,1.46
2007-11-07,1.67
2007-11-08,1.75
2007-11-09,1.53
2007-11-12,1.48
2007-11-13,1.68
2007-11-14,1.31
2007-11-15,1.85
2007-11-16,1.67
2007-11-19,1.91
2007-11-20,1.63
2007-11-21,1.69
2007-11-23,1.55
2007-11-26,1.5
2007-11-27,1.69
2007-11-28,1.49
2007-11-29,1.77
2007-11-30,1.74
2007-12-03,1.36
2007-12-04,1.56
2007-12-05,1.38
2007-12-06,1.55
2007-12-07,1.73
2007-12-10,1.43
2007-12-11,1.53
2007-12-12,1.53
2007-12-13,1.61
2007-12-14,1.87
2007-12-17,1.75
2007-12-18,1.33
2007-12-19,1.77
2007-12-20,1.13
2007-12-21,0.53
2007-12-24,1.18
2007-12-26,1.86
2007-12-27,1.85
2007-12-28,1.95
2007-12-31,1.88
2008-01-02,1.73
2008-01-03,1.54
2008-01-04,1.75
2008-01-07,1.45
2008-01-08,2.01
2008-01-09,1.71
2008-01-10,1.43
2008-01-11,1.29
2008-01-14,1.32
2008-01-15,1.53
2008-01-16,1.54
2008-01-17,2.07
2008-01-18,1.77
2008-01-22,1.94
2008-01-23,1.7
2008-01-24,1.43
2008-01-25,1.67
2008-01-28,1.37
2008-01-29,1.38
2008-01-30,1.05
2008-01-31,1.34
2008-02-01,1.25
2008-02-04,1.63
2008-02-05,1.45
2008-02-06,1.45
2008-02-07,1.43
2008-02-08,1.67
2008-02-11,1.4
2008-02-12,1.59
2008-02-13,1.22
2008-02-14,1.28
2008-02-15,1.73
2008-02-19,1.65
2008-02-20,1.11
2008-02-21,1.4
2008-02-22,1.55
2008-02-25,1.41
2008-02-26,1.43
2008-02-27,1.79
2008-02-28,1.79
2008-02-29,1.8
2008-03-03,2.09
2008-03-04,1.52
2008-03-05,1.84
2008-03-06,1.45
2008-03-07,1.59
2008-03-10,2.09
2008-03-11,1.37
2008-03-12,1.49
2008-03-13,1.71
2008-03-14,1.62
2008-03-17,1.62
2008-03-18,1.26
2008-03-19,1.54
2008-03-20,1.65
2008-03-24,1.1
2008-03-25,1.33
2008-03-26,1.48
2008-03-27,1.67
2008-03-28,1.81
2008-03-31,1.34
2008-04-01,1.01
2008-04-02,1.47
2008-04-03,1.51
2008-04-04,1.81
2008-04-07,1.38
2008-04-08,1.65
2008-04-09,1.54
2008-04-10,1.28
2008-04-11,1.89
2008-04-14,1.25
2008-04-15,1.23
2008-04-16,1.19
2008-04-17,1.17
2008-04-18,1.21
2008-04-21,2
2008-04-22,2.18
2008-04-23,1.62
2008-04-24,1.37
2008-04-25,1.3
2008-04-28,1.71
2008-04-29,1.83
2008-04-30,1.51
2008-05-01,1.75
2008-05-02,1.39
2008-05-05,1.62
2008-05-06,1.35
2008-05-07,1.75
2008-05-08,1.64
2008-05-09,1.31
2008-05-12,1.34
2008-05-13,1.15
2008-05-14,1.06
2008-05-15,1.07
2008-05-16,1.36
2008-05-19,1.47
2008-05-20,1.78
2008-05-21,1.9
2008-05-22,1.67
2008-05-23,1.6
2008-05-27,1.53
2008-05-28,1.29
2008-05-29,1.17
2008-05-30,1.43
2008-06-02,1.59
2008-06-03,1.84
2008-06-04,1.75
2008-06-05,1.57
2008-06-06,1.64
2008-06-09,1.17
2008-06-10,1.15
2008-06-11,1.54
2008-06-12,1.29
2008-06-13,1.16
2008-06-16,1.11
2008-06-17,1.53
2008-06-18,1.47
2008-06-19,1.29
2008-06-20,1.98
2008-06-23,1.31
2008-06-24,1.4
2008-06-25,1.07
2008-06-26,1.67
2008-06-27,1.55
2008-06-30,1.5
2008-07-01,1.26
2008-07-02,1.72
2008-07-03,1.76
2008-07-07,1.65
2008-07-08,1.46
2008-07-09,1.25
2008-07-10,1.25
2008-07-11,1.5
2008-07-14,1.55
2008-07-15,1.44
2008-07-16,1.11
2008-07-17,1.01
2008-07-18,1.29
2008-07-21,1.34
2008-07-22,1.16
2008-07-23,1.37
2008-07-24,1.53
2008-07-25,0.99
2008-07-28,1.59
2008-07-29,1.21
2008-07-30,1.18
2008-07-31,1.49
2008-08-01,1.44
2008-08-04,1.49
2008-08-05,1.15
2008-08-06,1.24
2008-08-07,1.46
2008-08-08,1.4
2008-08-11,1.08
2008-08-12,1.49
2008-08-13,1.39
2008-08-14,1.03
2008-08-15,1.52
2008-08-18,1.47
2008-08-19,1.43
2008-08-20,1.4
2008-08-21,1.53
2008-08-22,1.36
2008-08-25,1.84
2008-08-26,1.24
2008-08-27,1.03
2008-08-28,0.96
2008-08-29,1.38
2008-09-02,1.42
2008-09-03,1.1
2008-09-04,1.41
2008-09-05,1.24
2008-09-08,1.05
2008-09-09,1.28
2008-09-10,1.45
2008-09-11,1.28
2008-09-12,1.18
2008-09-15,1.75
2008-09-16,1.66
2008-09-17,1.75
2008-09-18,1.58
2008-09-19,1.2
2008-09-22,1.34
2008-09-23,1.32
2008-09-24,1.44
2008-09-25,0.99
2008-09-26,1.26
2008-09-29,2.07
2008-09-30,1.96
2008-10-01,1.35
2008-10-02,2.07
2008-10-03,1.59
2008-10-06,2.1
2008-10-07,1.21
2008-10-08,1.53
2008-10-09,1.65
2008-10-10,1.41
2008-10-13,1.06
2008-10-14,0.93
2008-10-15,1.31
2008-10-16,1.3
2008-10-17,1.12
2008-10-20,1.05
2008-10-21,0.98
2008-10-22,1.59
2008-10-23,1.56
2008-10-24,1.58
2008-10-27,1.61
2008-10-28,1.56
2008-10-29,1.07
2008-10-30,0.99
2008-10-31,1.3
2008-11-03,1.3
2008-11-04,1.42
2008-11-05,1.11
2008-11-06,1.77
2008-11-07,1.22
2008-11-10,1.36
2008-11-11,1.43
2008-11-12,1.35
2008-11-13,1.06
2008-11-14,1.22
2008-11-17,1.03
2008-11-18,1.21
2008-11-19,1.64
2008-11-20,1.57
2008-11-21,1.13
2008-11-24,0.99
2008-11-25,0.92
2008-11-26,0.89
2008-11-28,1.18
2008-12-01,1.14
2008-12-02,1.26
2008-12-03,1.48
2008-12-04,1.09
2008-12-05,1.39
2008-12-08,1.08
2008-12-09,0.95
2008-12-10,1.18
2008-12-11,1.14
2008-12-12,1.18
2008-12-15,1.22
2008-12-16,1.17
2008-12-17,1.08
2008-12-18,1.01
2008-12-19,0.99
2008-12-22,1.01
2008-12-23,1.13
2008-12-24,1.08
2008-12-26,1.25
2008-12-29,1.51
2008-12-30,1.2
2008-12-31,1.09
2009-01-02,1.38
2009-01-05,1.13
2009-01-06,0.92
2009-01-07,1.27
2009-01-08,1.49
2009-01-09,1.28
2009-01-12,1.39
2009-01-13,0.9
2009-01-14,1.35
2009-01-15,1.4
2009-01-16,1.22
2009-01-20,1.08
2009-01-21,1.15
2009-01-22,1.15
2009-01-23,0.99
2009-01-26,0.99
2009-01-27,0.97
2009-01-28,0.98
2009-01-29,1.09
2009-01-30,1.29
2009-02-02,0.96
2009-02-03,0.96
2009-02-04,1.19
2009-02-05,0.79
2009-02-06,0.87
2009-02-09,0.82
2009-02-10,1.04
2009-02-11,1.22
2009-02-12,0.93
2009-02-13,1.11
2009-02-17,1.15
2009-02-18,1.55
2009-02-19,1.42
2009-02-20,1.52
2009-02-23,1.18
2009-02-24,1.02
2009-02-25,1.16
2009-02-26,0.74
2009-02-27,1.46
2009-03-02,1.32
2009-03-03,1.18
2009-03-04,1.12
2009-03-05,1.16
2009-03-06,0.94
2009-03-09,0.9
2009-03-10,0.94
2009-03-11,0.89
2009-03-12,0.83
2009-03-13,0.88
2009-03-16,0.94
2009-03-17,0.9
2009-03-18,0.81
2009-03-19,1.13
2009-03-20,1.18
2009-03-23,1.02
2009-03-24,1.02
2009-03-25,1.28
2009-03-26,1.42
2009-03-27,1.21
2009-03-30,1.77
2009-03-31,1.12
2009-04-01,1.26
2009-04-02,0.84
2009-04-03,1.12
2009-04-06,1.52
2009-04-07,1.26
2009-04-08,1.39
2009-04-09,1.32
2009-04-13,1.09
2009-04-14,1.26
2009-04-15,1.61
2009-04-16,1.05
2009-04-17,1.15
2009-04-20,1.21
2009-04-21,1.22
2009-04-22,1.08
2009-04-23,1.33
2009-04-24,1.24
2009-04-27,1.26
2009-04-28,1.39
2009-04-29,1
2009-04-30,1.67
2009-05-01,1.39
2009-05-04,1.25
2009-05-05,0.81
2009-05-06,1.2
2009-05-07,1.15
2009-05-08,1.47
2009-05-11,1.54
2009-05-12,1.28
2009-05-13,1.3
2009-05-14,1.23
2009-05-15,1.12
2009-05-18,1.29
2009-05-19,1.17
2009-05-20,1.26
2009-05-21,1.34
2009-05-22,1.22
2009-05-26,1.14
2009-05-27,1.11
2009-05-28,1.12
2009-05-29,1.18
2009-06-01,1.17
2009-06-02,1.23
2009-06-03,1.35
2009-06-04,1.51
2009-06-05,1.2
2009-06-08,1.3
2009-06-09,1.3
2009-06-10,1.12
2009-06-11,1.19
2009-06-12,1.27
2009-06-15,1.16
2009-06-16,1.3
2009-06-17,1.59
2009-06-18,1.2
2009-06-19,1.26
2009-06-22,1.33
2009-06-23,1.44
2009-06-24,1.27
2009-06-25,1.1
2009-06-26,0.99
2009-06-29,0.86
2009-06-30,1.39
2009-07-01,0.87
2009-07-02,1.57
2009-07-06,1.11
2009-07-07,1.23
2009-07-08,1.25
2009-07-09,1.51
2009-07-10,1.52
2009-07-13,1.02
2009-07-14,0.89
2009-07-15,1.03
2009-07-16,0.99
2009-07-17,1.19
2009-07-20,0.95
2009-07-21,1.33
2009-07-22,1.64
2009-07-23,1.27
2009-07-24,1.24
2009-07-27,1.41
2009-07-28,1.21
2009-07-29,1.55
2009-07-30,1.04
2009-07-31,1.31
2009-08-03,1.07
2009-08-04,1.3
2009-08-05,1.45
2009-08-06,1.51
2009-08-07,1.36
2009-08-10,1.28
2009-08-11,1.05
2009-08-12,1.6
2009-08-13,1.35
2009-08-14,1.6
2009-08-17,1.39
2009-08-18,1.43
2009-08-19,1.56
2009-08-20,1.06
2009-08-21,0.99
2009-08-24,1.31
2009-08-25,1.22
2009-08-26,2.09
2009-08-27,1.32
2009-08-28,1.27
2009-08-31,1.48
2009-09-01,1.3
2009-09-02,1.31
2009-09-03,1.52
2009-09-04,1.42
2009-09-08,1.23
2009-09-09,1.3
2009-09-10,1.39
2009-09-11,1.28
2009-09-14,1.35
2009-09-15,1.21
2009-09-16,1.01
2009-09-17,1.3
2009-09-18,1.6
2009-09-21,0.95
2009-09-22,1.37
2009-09-23,1.81
2009-09-24,1.47
2009-09-25,1.68
2009-09-28,2.11
2009-09-29,1.35
2009-09-30,1.94
2009-10-01,1.27
2009-10-02,1.6
2009-10-05,1.31
2009-10-06,1.53
2009-10-07,1.39
2009-10-08,1.14
2009-10-09,1.44
2009-10-12,1.35
2009-10-13,1.33
2009-10-14,1.07
2009-10-15,1.13
2009-10-16,1.32
2009-10-19,1.74
2009-10-20,1.48
2009-10-21,2.06
2009-10-22,1.17
2009-10-23,1.27
2009-10-26,1.37
2009-10-27,1.83
2009-10-28,1.82
2009-10-29,1.38
2009-10-30,1.78
2009-11-02,1.36
2009-11-03,1.4
2009-11-04,1.15
2009-11-05,1.26
2009-11-06,1.61
2009-11-09,1.45
2009-11-10,1.27
2009-11-11,1.49
2009-11-12,1.14
2009-11-13,1.69
2009-11-16,1.23
2009-11-17,1.36
2009-11-18,1.25
2009-11-19,1.3
2009-11-20,1.37
2009-11-23,0.93
2009-11-24,1.35
2009-11-25,1.22
2009-11-27,1.67
2009-11-30,1.38
2009-12-01,1.37
2009-12-02,1.66
2009-12-03,0.72
2009-12-04,1.25
2009-12-07,1.43
2009-12-08,1.31
2009-12-09,1.56
2009-12-10,1.37
2009-12-11,1.38
2009-12-14,1.38
2009-12-15,1.1
2009-12-16,1.21
2009-12-17,1.18
2009-12-18,1.47
2009-12-21,0.74
2009-12-22,0.57
2009-12-23,1.26
2009-12-24,1.21
2009-12-28,1.3
2009-12-29,1.42
2009-12-30,0.99
2009-12-31,1.38
2010-01-04,1.07
2010-01-05,1.09
2010-01-06,1.13
2010-01-07,1.33
2010-01-08,0.98
2010-01-11,1.06
2010-01-12,1.2
2010-01-13,1.15
2010-01-14,1.2
2010-01-15,1.31
2010-01-19,1.01
2010-01-20,1.31
2010-01-21,1.31
2010-01-22,1.46
2010-01-25,1.54
2010-01-26,1.19
2010-01-27,1.27
2010-01-28,1.01
2010-01-29,1.49
2010-02-01,0.91
2010-02-02,1.36
2010-02-03,1.16
2010-02-04,1.44
2010-02-05,1.65
2010-02-08,1.35
2010-02-09,1.33
2010-02-10,1.34
2010-02-11,0.98
2010-02-12,1.29
2010-02-16,1.21
2010-02-17,1.27
2010-02-18,0.92
2010-02-19,1.11
2010-02-22,1.18
2010-02-23,1.47
2010-02-24,1.21
2010-02-25,1.3
2010-02-26,1.14
2010-03-01,1.46
2010-03-02,1.09
2010-03-03,1.2
2010-03-04,1.55
2010-03-05,1.22
2010-03-08,1.83
2010-03-09,1.13
2010-03-10,1.43
2010-03-11,1.68
2010-03-12,1.55
2010-03-15,1.17
2010-03-16,1.15
2010-03-17,1.31
2010-03-18,1.04
2010-03-19,1.81
2010-03-22,1.77
2010-03-23,1.2
2010-03-24,1.66
2010-03-25,1.66
2010-03-26,1.6
2010-03-29,1.59
2010-03-30,1.59
2010-03-31,1.66
2010-04-01,1.55
2010-04-05,1.55
2010-04-06,1.29
2010-04-07,1.65
2010-04-08,1.53
2010-04-09,1.06
2010-04-12,1.34
2010-04-13,1.12
2010-04-14,1.11
2010-04-15,1.39
2010-04-16,1.59
2010-04-19,1.66
2010-04-20,1.99
2010-04-21,1.91
2010-04-22,1.21
2010-04-23,1.24
2010-04-26,1.47
2010-04-27,1.49
2010-04-28,1.46
2010-04-29,1.17
2010-04-30,2.05
2010-05-03,1.46
2010-05-04,1.41
2010-05-05,1.76
2010-05-06,1.42
2010-05-07,1.69
2010-05-10,1.47
2010-05-11,1.61
2010-05-12,1.42
2010-05-13,1.3
2010-05-14,1.56
2010-05-17,1.42
2010-05-18,1.41
2010-05-19,1.93
2010-05-20,2.06
2010-05-21,1.9
2010-05-24,1.31
2010-05-25,1.65
2010-05-26,1.87
2010-05-27,1.81
2010-05-28,1.95
2010-06-01,1.32
2010-06-02,1.28
2010-06-03,1.82
2010-06-04,1.42
2010-06-07,1.41
2010-06-08,1.61
2010-06-09,1.59
2010-06-10,1.43
2010-06-11,1.5
2010-06-14,1.94
2010-06-15,1.27
2010-06-16,1.25
2010-06-17,1.16
2010-06-18,1.28
2010-06-21,1.65
2010-06-22,1.63
2010-06-23,1.7
2010-06-24,1.64
2010-06-25,1.29
2010-06-28,0.95
2010-06-29,1.44
2010-06-30,1.68
2010-07-01,1.83
2010-07-02,1.29
2010-07-06,1.79
2010-07-07,1.34
2010-07-08,1.13
2010-07-09,1.17
2010-07-12,1.62
2010-07-13,1.33
2010-07-14,1.39
2010-07-15,1.26
2010-07-16,1.74
2010-07-19,1.14
2010-07-20,1.54
2010-07-21,1.78
2010-07-22,1.33
2010-07-23,1.36
2010-07-26,1.78
2010-07-27,1.53
2010-07-28,1.49
2010-07-29,1.7
2010-07-30,1.08
2010-08-02,1.62
2010-08-03,1.42
2010-08-04,1.41
2010-08-05,1.78
2010-08-06,1.48
2010-08-09,1.2
2010-08-10,1.57
2010-08-11,1.45
2010-08-12,1.57
2010-08-13,1.49
2010-08-16,1.14
2010-08-17,1.54
2010-08-18,1.89
2010-08-19,1.22
2010-08-20,1.51
2010-08-23,1.57
2010-08-24,1.24
2010-08-25,1.6
2010-08-26,1.12
2010-08-27,1.07
2010-08-30,1.61
2010-08-31,1.15
2010-09-01,1.24
2010-09-02,1.46
2010-09-03,1.39
2010-09-07,2.47
2010-09-08,1.51
2010-09-09,1.72
2010-09-10,1.93
2010-09-13,1.23
2010-09-14,1.33
2010-09-15,1.37
2010-09-16,1.05
2010-09-17,1.51
2010-09-20,1.46
2010-09-21,1.62
2010-09-22,1.29
2010-09-23,1.52
2010-09-24,1.34
2010-09-27,1.36
2010-09-28,1.87
2010-09-29,1.19
2010-09-30,1.25
2010-10-01,1.13
2010-10-04,1.11
2010-10-05,1.32
2010-10-06,1.3
2010-10-07,1.69
2010-10-08,1.25
2010-10-11,1.19
2010-10-12,2.08
2010-10-13,1.07
2010-10-14,1.21
2010-10-15,1.25
2010-10-18,1.53
2010-10-19,1.32
2010-10-20,1.56
2010-10-21,1.29
2010-10-22,1.12
2010-10-25,1.45
2010-10-26,1.7
2010-10-27,1.3
2010-10-28,1.42
2010-10-29,1.54
2010-11-01,1.32
2010-11-02,1.15
2010-11-03,1.52
2010-11-04,1.14
2010-11-05,1.21
2010-11-08,1.05
2010-11-09,1.34
2010-11-10,1.09
2010-11-11,1.16
2010-11-12,1.54
2010-11-15,1.2
2010-11-16,1.27
2010-11-17,1.34
2010-11-18,1.21
2010-11-19,0.77
2010-11-22,1.21
2010-11-23,1.29
2010-11-24,1.9
2010-11-26,1.04
2010-11-29,1.41
2010-11-30,1.35
2010-12-01,1.42
2010-12-02,1.1
2010-12-03,1.15
2010-12-06,1.11
2010-12-07,1.23
2010-12-08,1.21
2010-12-09,1.26
2010-12-10,1.36
2010-12-13,0.99
2010-12-14,1.45
2010-12-15,0.83
2010-12-16,1.38
2010-12-17,1.21
2010-12-20,1.08
2010-12-21,1.14
2010-12-22,1.38
2010-12-23,1.58
2010-12-27,1.29
2010-12-28,1.35
2010-12-29,1.34
2010-12-30,0.97
2010-12-31,1.41
2011-01-03,1.11
2011-01-04,1.04
2011-01-05,1.09
2011-01-06,1.29
2011-01-07,1.86
2011-01-10,1.24
2011-01-11,1.43
2011-01-12,1.43
2011-01-13,1.17
2011-01-14,1.06
2011-01-18,1.25
2011-01-19,1.37
2011-01-20,1.35
2011-01-21,1.36
2011-01-24,1.34
2011-01-25,1.65
2011-01-26,1.56
2011-01-27,2.02
2011-01-28,1.61
2011-01-31,1.72
2011-02-01,1.22
2011-02-02,1.6
2011-02-03,1.45
2011-02-04,1.23
2011-02-07,1.44
2011-02-08,1.41
2011-02-09,1.44
2011-02-10,1.19
2011-02-11,1.31
2011-02-14,1.67
2011-02-15,1.27
2011-02-16,1.4
2011-02-17,1.05
2011-02-18,1.43
2011-02-22,1.41
2011-02-23,1.25
2011-02-24,1.33
2011-02-25,1.33
2011-02-28,1.36
2011-03-01,1.4
2011-03-02,1.08
2011-03-03,1.3
2011-03-04,1.05
2011-03-07,1.22
2011-03-08,1.37
2011-03-09,1.19
2011-03-10,1.34
2011-03-11,1.49
2011-03-14,1.18
2011-03-15,1.3
2011-03-16,1.47
2011-03-17,1.31
2011-03-18,1.43
2011-03-21,1.21
2011-03-22,1.01
2011-03-23,1.18
2011-03-24,1.43
2011-03-25,1.11
2011-03-28,1.21
2011-03-29,1.1
2011-03-30,1.03
2011-03-31,1.38
2011-04-01,1.44
2011-04-04,1.94
2011-04-05,1.21
2011-04-06,0.96
2011-04-07,1.46
2011-04-08,1.19
2011-04-11,1.45
2011-04-12,1.84
2011-04-13,1.02
2011-04-14,1.26
2011-04-15,1.34
2011-04-18,1.17
2011-04-19,1.28
2011-04-20,1.62
2011-04-21,1.36
2011-04-25,1.05
2011-04-26,1.25
2011-04-27,1.28
2011-04-28,1.14
2011-04-29,1.36
2011-05-02,1.38
2011-05-03,1.3
2011-05-04,1.43
2011-05-05,1.46
2011-05-06,1.29
2011-05-09,0.97
2011-05-10,1.05
2011-05-11,1.31
2011-05-12,1.03
2011-05-13,1.14
2011-05-16,1.37
2011-05-17,1.53
2011-05-18,1.19
2011-05-19,1.2
2011-05-20,1.35
2011-05-23,1.41
2011-05-24,1.07
2011-05-25,1.11
2011-05-26,1.24
2011-05-27,0.9
2011-05-31,0.97
2011-06-01,1.55
2011-06-02,1.36
2011-06-03,1.73
2011-06-06,1.47
2011-06-07,1.4
2011-06-08,1.36
2011-06-09,1.33
2011-06-10,1.29
2011-06-13,1.37
2011-06-14,1.31
2011-06-15,1.48
2011-06-16,1.17
2011-06-17,1.27
2011-06-20,1.32
2011-06-21,1.33
2011-06-22,1.17
2011-06-23,1.33
2011-06-24,1.4
2011-06-27,1.03
2011-06-28,1.21
2011-06-29,1.4
2011-06-30,1.22
2011-07-01,1.09
2011-07-05,1.68
2011-07-06,1.43
2011-07-07,1.1
2011-07-08,1.49
2011-07-11,1.5
2011-07-12,1.45
2011-07-13,1.34
2011-07-14,1.22
2011-07-15,1.53
2011-07-18,1.23
2011-07-19,0.86
2011-07-20,0.99
2011-07-21,0.96
2011-07-22,1.1
2011-07-25,1.36
2011-07-26,1.11
2011-07-27,1.53
2011-07-28,1.11
2011-07-29,1.47
2011-08-01,1.4
2011-08-02,1.43
2011-08-03,1.68
2011-08-04,1.49
2011-08-05,1.38
2011-08-08,1.51
2011-08-09,1.84
2011-08-10,1.49
2011-08-11,1.35
2011-08-12,1.32
2011-08-15,1.46
2011-08-16,1.22
2011-08-17,1.74
2011-08-18,1.78
2011-08-19,1.53
2011-08-22,1.48
2011-08-23,1.4
2011-08-24,1.71
2011-08-25,1.77
2011-08-26,1.48
2011-08-29,1.46
2011-08-30,1.55
2011-08-31,1.64
2011-09-01,1.36
2011-09-02,1.86
2011-09-06,1.64
2011-09-07,1.07
2011-09-08,1.49
2011-09-09,1.6
2011-09-12,1.6
2011-09-13,1.49
2011-09-14,1.32
2011-09-15,1.23
2011-09-16,1.29
2011-09-19,1.35
2011-09-20,1.63
2011-09-21,1.73
2011-09-22,1.56
2011-09-23,1.54
2011-09-26,1.51
2011-09-27,1.61
2011-09-28,2.01
2011-09-29,1.5
2011-09-30,1.59
2011-10-03,1.63
2011-10-04,1.52
2011-10-05,1.45
2011-10-06,1.76
2011-10-07,1.51
2011-10-10,1.79
2011-10-11,2.03
2011-10-12,1.88
2011-10-13,1.35
2011-10-14,1.36
2011-10-17,1.6
2011-10-18,1.37
2011-10-19,1.52
2011-10-20,1.9
2011-10-21,1.24
2011-10-24,1.47
2011-10-25,1.29
2011-10-26,1.43
2011-10-27,1.28
2011-10-28,1.55
2011-10-31,1.8
2011-11-01,1.71
2011-11-02,1.71
2011-11-03,1.49
2011-11-04,1.51
2011-11-07,1.4
2011-11-08,1.83
2011-11-09,1.66
2011-11-10,1.62
2011-11-11,1.16
2011-11-14,1.46
2011-11-15,1.48
2011-11-16,1.96
2011-11-17,1.61
2011-11-18,0.88
2011-11-21,1.59
2011-11-22,1.48
2011-11-23,1.82
2011-11-25,1.72
2011-11-28,1.17
2011-11-29,1.4
2011-11-30,1.22
2011-12-01,1.18
2011-12-02,1.34
2011-12-05,1.25
2011-12-06,0.92
2011-12-07,1.03
2011-12-08,1.12
2011-12-09,1.54
2011-12-12,1.19
2011-12-13,1.45
2011-12-14,1.3
2011-12-15,1.48
2011-12-16,1.36
2011-12-19,1.21
2011-12-20,1.16
2011-12-21,1.44
2011-12-22,1.32
2011-12-23,1.11
2011-12-27,1.42
2011-12-28,1.2
2011-12-29,1.51
2011-12-30,1.23
2012-01-03,1.07
2012-01-04,1.25
2012-01-05,1.09
2012-01-06,1.38
2012-01-09,1.4
2012-01-10,1.1
2012-01-11,1.3
2012-01-12,1.25
2012-01-13,0.84
2012-01-17,1.21
2012-01-18,1.14
2012-01-19,1
2012-01-20,1.24
2012-01-23,1.83
2012-01-24,1.85
2012-01-25,1.06
2012-01-26,1.48
2012-01-27,1.32
2012-01-30,1.31
2012-01-31,1.31
2012-02-01,1.11
2012-02-02,1.31
2012-02-03,1.02
2012-02-06,1.36
2012-02-07,0.89
2012-02-08,1.25
2012-02-09,1.35
2012-02-10,1.41
2012-02-13,1.48
2012-02-14,1.51
2012-02-15,1.62
2012-02-16,1.15
2012-02-17,1.11
2012-02-21,1.26
2012-02-22,1.2
2012-02-23,1.36
2012-02-24,1.63
2012-02-27,1.3
2012-02-28,1.11
2012-02-29,1.57
2012-03-01,1.47
2012-03-02,1.35
2012-03-05,1.2
2012-03-06,1.29
2012-03-07,1.4
2012-03-08,1.28
2012-03-09,1.16
2012-03-12,1.56
2012-03-13,1.12
2012-03-14,1.09
2012-03-15,0.89
2012-03-16,1.3
2012-03-19,1.31
2012-03-20,1.31
2012-03-21,1.39
2012-03-22,1.7
2012-03-23,1.55
2012-03-26,1.41
2012-03-27,1.56
2012-03-28,1.37
2012-03-29,1.49
2012-03-30,1.43
2012-04-02,1.24
2012-04-03,1.54
2012-04-04,1.35
2012-04-05,1.33
2012-04-09,1.41
2012-04-10,1.27
2012-04-11,1.6
2012-04-12,1.32
2012-04-13,1.19
2012-04-16,1.36
2012-04-17,1.16
2012-04-18,1.59
2012-04-19,1.42
2012-04-20,1.24
2012-04-23,1.15
2012-04-24,1.39
2012-04-25,1.34
2012-04-26,1.12
2012-04-27,1.25
2012-04-30,1.06
2012-05-01,1.51
2012-05-02,1.34
2012-05-03,1.12
2012-05-04,1.43
2012-05-07,1.19
2012-05-08,1.59
2012-05-09,1.3
2012-05-10,1.64
2012-05-11,1.98
2012-05-14,1.63
2012-05-15,1.49
2012-05-16,1.5
2012-05-17,1.88
2012-05-18,1.62
2012-05-21,1.35
2012-05-22,1.39
2012-05-23,1.18
2012-05-24,1.12
2012-05-25,1.57
2012-05-29,1.32
2012-05-30,1.67
2012-05-31,1.29
2012-06-01,1.78
2012-06-04,1.14
2012-06-05,1.29
2012-06-06,1.55
2012-06-07,1.23
NA,1.25
NA,1.12
NA,1.26
NA,1.26
NA,1.04
NA,0.99
NA,1.42
NA,1.18
NA,1.36
NA,1.4
NA,1.29
NA,0.99
NA,1.44
NA,1.37
NA,3.5
NA,2.08
NA,2.1
NA,2.21
NA,1.53
NA,1.08
NA,0.98
NA,1.5
NA,1.55
NA,1.17
NA,1.32
NA,1.48
NA,1.18
NA,1.04
NA,1.62
NA,1.44
NA,0.76
NA,0.93
NA,3.17
NA,1.47
NA,2.56
NA,1.91
NA,2.09
NA,1.76
NA,1
NA,0.98
NA,1.54
NA,1.5
NA,1.08
NA,1.21
NA,1.18
NA,1.16
NA,1.35
NA,1.29
NA,1.07
NA,1.23
NA,1.6
NA,1.36
NA,1.79
NA,1.45
NA,1.52
NA,1.76
NA,2.42
NA,1.43
NA,2.4
NA,2.15
NA,1.58
NA,1.29
NA,1.29
NA,2.18
NA,1.87
NA,1.17
NA,1.41
NA,1.15
NA,1.74
NA,1.15
NA,1.09
NA,1.03
NA,1.83
NA,1.55
NA,1.85
NA,2.25
NA,2.59
NA,1.95
NA,1.65
NA,1.47
NA,2.16
NA,1.57
NA,2.1
NA,1.58
NA,1.72
NA,0.84
NA,1.17
NA,1.16
NA,1.68
NA,2.52
NA,1.36
NA,1.55
NA,0.95
NA,1.49
NA,1.21
NA,1.35
NA,1.06
NA,1.35
NA,1.86
NA,2.3
NA,1.68
NA,1.83
NA,1.22
NA,1.68
NA,1.41
NA,1.26
NA,1.33
NA,1.41
NA,1.24
NA,1.28
NA,1.23
NA,0.91
NA,1.22
NA,1.32
NA,1.18
NA,1.39
NA,1.78
NA,2.65
NA,1.22
NA,1.23
NA,2.21
NA,1
NA,2.01
NA,1.01
NA,1.05
NA,1.49
NA,1.19
NA,1.47
NA,0.67
NA,1.6
NA,1.49
NA,1.19
NA,0.97
NA,1.24
NA,1.15
NA,1.8
NA,1.98
NA,3.36
NA,1.33
NA,2.14
NA,1.49
NA,1.74
NA,1
NA,1.44
NA,1.57
NA,1.85
NA,1.38
NA,1.49
NA,1.4
NA,1.32
NA,1.22
NA,1.21
NA,1.21
NA,1.3
NA,1.95
NA,1.79
NA,2.05
NA,1.57
NA,1.6
NA,1.33
NA,1.52
NA,1.75
NA,1.54
NA,1.36
NA,0.93
NA,1.58
NA,1.16
NA,1.41
NA,0.81
NA,1.56
NA,1.68
NA,1.04
NA,1.05
NA,1.38
NA,1.32
NA,1.63
NA,1.64
NA,0.87
NA,1.72
NA,1.69
NA,2.97
NA,1.71
NA,2.11
NA,1.97
NA,1.22
NA,1.47
NA,1.55
NA,1.28
NA,1.42
NA,1.34
NA,1.14
NA,1.01
NA,1.41
NA,1.4
NA,0.97
NA,1.66
NA,1.75
NA,1.65
NA,1.45
NA,1.41
NA,1.23
NA,1.91
NA,1.31
NA,1.05
NA,1.96
NA,1.79
NA,1.07
NA,1.45
NA,1.71
NA,1.82
NA,1.86
NA,1.62
NA,1.8
NA,1.2
NA,1.35
NA,1.22
NA,1.61
NA,1.6
NA,1.02
NA,1.08
NA,1.33
NA,1.12
NA,1.22
NA,1.58
NA,2.03
NA,1.25
NA,1.7
NA,1.5
NA,1.45
NA,2.23
NA,1.46
NA,1.07
NA,0.87
NA,1.29
NA,1.12
NA,1.8
NA,1.33
NA,1.14
NA,1.24
NA,1.2
NA,1.4
NA,1.11
NA,1.64
NA,1.78
NA,1.39
NA,1.05
NA,1.52
NA,1.3
NA,2.45
NA,1.52
NA,1.33
NA,1.09
NA,1.15
NA,1.5
NA,1.11
NA,1.4
NA,1.22
NA,1.25
NA,1.22
NA,1.52
NA,1.11
NA,1.49
NA,1.22
NA,1.53
NA,1.4
NA,1.81
NA,1.64
NA,1.37
NA,1.54
NA,1.25
NA,1.87
NA,1.87
NA,1.41
NA,1.24
NA,1.37
NA,1.5
NA,1.71
NA,1.23
NA,1.24
NA,1.11
NA,1.42
NA,1.53
NA,1.32
NA,1.36
NA,1.61
NA,1.29
NA,1.9
NA,0.98
NA,1.49
NA,1.89
NA,1.75
NA,1.76
NA,1.75
NA,1.66
NA,1.47
NA,1.47
NA,1.46
NA,1.31
NA,1.12
NA,1.32
NA,1.02
NA,1.53
NA,1.37
NA,1.99
NA,1.34
NA,1.68
NA,1.37
NA,1.47
NA,1.43
NA,1.36
NA,1.38
NA,0.81
NA,1.21
NA,1.31
NA,1.31
NA,1.48
NA,1.65
NA,1.27
NA,1.26
NA,1.06
NA,1.16
NA,1.1
NA,0.98
NA,1.27
NA,1.81
NA,0.94
NA,1.05
NA,1.27
NA,1.62
NA,1.19
NA,1.91
NA,1.58
NA,1.78
NA,1.77
NA,1.35
NA,1.21
NA,1.29
NA,1.17
NA,1.47
NA,1.34
NA,1.67
NA,1.49
NA,1.24
NA,1.27
NA,1.07
NA,1.52
NA,1.49
NA,1.37
NA,1.32
NA,1.47
NA,1.94
NA,1.99
NA,1.64
NA,1.07
NA,1.68
NA,1.84
NA,2.72
NA,1.68
NA,1.84
NA,1.6
NA,1.05
NA,1.4
NA,1.27
NA,1.21
NA,1.11
NA,1.12
NA,1.19
NA,2.13
NA,1.79
NA,1.85
NA,1.07
NA,1.18
NA,1.81
NA,1.69
NA,1.6
NA,1.27
NA,1.32
NA,1.48
NA,1.36
NA,1.63
NA,1.49
NA,1.49
NA,1.19
NA,0.96
NA,1
NA,0.99
NA,1.11
NA,1.24
NA,1.51
NA,2
NA,1.19
NA,1.33
NA,1.07
NA,1.23
NA,0.91
NA,1.37
NA,1.29
NA,1.46
NA,1.23
NA,1.08
NA,1.51
NA,1.05
NA,0.97
NA,1.23
NA,1.04
NA,1.15
NA,0.97
NA,1.38
NA,1.49
NA,1.15
NA,1.72
NA,1.27
NA,1.26
NA,1.13
NA,1.39
NA,1.39
NA,1.15
NA,1.18
NA,1.56
NA,1.62
NA,1.15
NA,1.15
NA,1.16
NA,1.15
NA,1.23
NA,1.12
NA,1.27
NA,1.23
NA,0.95
NA,1.43
NA,1.56
NA,1.32
NA,1.08
NA,1.59
NA,1.15
NA,1.49
NA,1.42
NA,1.28
NA,1.84
NA,2.07
NA,1.64
NA,1.18
NA,1.51
NA,1.51
NA,1.39
NA,1.05
NA,1.46
NA,1.49
NA,1.22
NA,1.37
NA,1.48
NA,1.61
NA,1.7
NA,1
NA,1.28
NA,1.78
NA,1.33
NA,0.93
NA,0.98
NA,1.73
NA,1.42
NA,1.55
NA,1.05
NA,1.01
NA,1
NA,1
NA,1.33
NA,1.04
NA,1
NA,1.41
NA,1.62
NA,1.66
NA,1.67
NA,1.15
NA,1.32
NA,1.05
NA,1.18
NA,1.18
NA,1.23
NA,1.76
NA,1.89
NA,1.3
NA,1.71
NA,1.46
NA,2.09
NA,1.5
NA,1.81
NA,1.66
NA,1.45
NA,0.95
NA,0.93
NA,1.44
NA,1.2
NA,1.08
NA,1.08
NA,0.86
NA,1.72
NA,1.52
NA,1.54
NA,1.38
NA,1.65
NA,1.23
NA,1.24
NA,1.82
NA,1.35
NA,1.44
NA,0.92
NA,1.63
NA,1.32
NA,1.2
NA,1.53
NA,1.21
NA,1.1
NA,1.27
NA,1.19
NA,1.01
NA,1.69
NA,1.52
NA,1.18
NA,1.12
NA,0.82
NA,1.19
NA,1.18
NA,1.19
NA,1.15
NA,1.24
NA,1.01
NA,1.49
NA,1.14
NA,1.3
NA,1.19
NA,1.26
NA,1.19
NA,1.17
NA,1.11
NA,1.11
NA,1.02
NA,0.93
NA,1.07
NA,1.27
NA,1.54
NA,1.34
NA,1.22
NA,1.54
NA,1.42
NA,1.49
NA,1.13
NA,1.03
NA,1.3
NA,1.53
NA,1.32
NA,1.19
NA,0.73
NA,1.05
NA,1.22
NA,1.31
NA,0.87
NA,1.23
NA,1.23
NA,1.01
NA,1.22
NA,1.17
NA,0.72
NA,1.18
NA,1.06
NA,0.73
NA,1
NA,0.8
NA,1.13
NA,0.76
NA,1.17
NA,0.77
NA,1.03
NA,0.86
NA,1.26
NA,1.23
NA,1.44
NA,1.35
NA,0.91
NA,1.39
NA,1.21
NA,1.22
NA,1.02
NA,1.17
NA,1.22
NA,1.4
NA,1.58
NA,1.08
NA,1
NA,1.07
NA,0.97
NA,1.11
NA,0.88
NA,0.92
NA,1.14
NA,0.61
NA,0.87
NA,1.15
NA,1.65
NA,1
NA,0.94
NA,1.31
NA,1.47
NA,1.23
NA,2.23
NA,1.34
NA,1.26
NA,1.08
NA,1.31
NA,1.39
NA,1.28
NA,1.44
NA,1.73
NA,1.61
NA,1.27
NA,1.5
NA,1.11
NA,1.36
NA,1.22
NA,1.45
NA,1.41
NA,1.21
NA,1.21
NA,1.47
NA,1.27
NA,0.96
NA,1.77
NA,1.61
NA,1.44
NA,0.87
NA,1.45
NA,1.29
NA,1.7
NA,1.31
NA,1.35
NA,1.16
NA,1.2
NA,0.97
NA,1.62
NA,0.95
NA,1.12
NA,1.09
NA,1.01
NA,1.03
NA,0.88
NA,1.51
NA,1.11
NA,1.17
NA,1.4
NA,1.55
NA,1.52
NA,1.16
NA,1.17
NA,1.39
NA,1.28
NA,1.2
NA,1.3
NA,1.15
NA,1.24
NA,1.73
NA,1.17
NA,1
NA,1.12
NA,1.32
NA,1.17
NA,0.96
NA,0.7
NA,0.81
NA,1.36
NA,0.95
NA,1.3
NA,0.9
NA,0.9
NA,1.06
NA,0.99
NA,1.06
NA,1.01
NA,1.28
NA,0.86
NA,0.96
NA,1.27
NA,0.77
NA,1.32
NA,2.21
NA,1.29
NA,1.12
NA,1.41
NA,1.26
NA,1.24
NA,1.22
NA,1.2
NA,1.19
NA,0.99
NA,1.71
NA,1.12
NA,1.45
NA,1.1
NA,0.91
NA,1.36
NA,1.01
NA,1.31
NA,1.25
NA,1.33
NA,1.65
NA,0.94
NA,1.12
NA,1.43
NA,1.05
NA,1.87
NA,1.27
NA,1.03
NA,1.51
NA,1.03
NA,1.1
NA,1.2
NA,1.17
NA,1.35
NA,1.51
NA,1.62
NA,1.37
NA,1.31
NA,1.15
NA,1.06
NA,1.09
NA,1.79
NA,1.23
NA,1.43
NA,1.6
NA,1.55
NA,1.94
NA,2.34
NA,1.29
NA,1.58
NA,1.12
NA,1.63
NA,1.08
NA,1.37
NA,1.37
NA,0.98
NA,1.64
NA,1.51
NA,1.4
NA,1.17
NA,1.04
NA,1.74
NA,1.84
NA,1.44
NA,1.99
NA,1.11
NA,1.25
NA,1.47
NA,2.2
NA,1.67
NA,1.31
NA,1.68
NA,1.23
NA,1.87
NA,1.3
NA,1.7
NA,1.79
NA,1.35
NA,1.46
NA,2.1
NA,1.33
NA,2.39
NA,1.28
NA,1.49
NA,1.34
NA,1.35
NA,1.69
NA,0.81
NA,1.16
NA,1.08
NA,1.66
NA,1.63
NA,1.53
NA,1.93
NA,0.49
NA,1.37
NA,1.56
NA,1.36
NA,1.53
NA,1.48
NA,1.26
NA,1.29
NA,0.89
NA,1.38
NA,0.96
NA,1.44
NA,1.33
NA,1.57
NA,1.27
NA,1.58
NA,1.48
NA,1.86
NA,0.88
NA,1.72
NA,1.17
NA,1.26
NA,1.31
NA,1.09
NA,0.95
NA,1.06
NA,1.26
NA,0.98
NA,1.2
NA,1.59
NA,0.95
NA,1.51
NA,1.17
NA,1.14
NA,1.62
NA,1.11
NA,1.02
NA,1.06
NA,1.48
NA,0.82
NA,1.39
NA,1.2
NA,1.12
NA,1.47
NA,1.24
NA,0.99
NA,1.25
NA,0.59
NA,1.1
NA,1.23
NA,1.2
NA,0.91
NA,0.95
NA,1.16
NA,1.33
NA,1.07
NA,0.97
NA,1.11
NA,1.2
NA,0.92
NA,1.22
NA,1.53
NA,1.3
NA,1.63
NA,0.85
NA,0.85
NA,1.21
NA,1.72
NA,0.93
NA,1.07
NA,1.27
NA,1.13
NA,2
NA,1.74
NA,1.11
NA,1.8
NA,1.6
NA,1.5
NA,1.94
NA,1.26
NA,2.07
NA,1.85
NA,1.58
NA,1.23
NA,1.69
NA,1.43
NA,1.39
NA,1.24
NA,0.99
NA,0.97
NA,1.13
NA,1.58
NA,1.07
NA,2.23
NA,1.83
NA,1.04
NA,0.94
NA,1.46
NA,1.36
NA,1.41
NA,1.34
NA,1.76
NA,1.38
NA,1.18
NA,1.32
NA,1.21
NA,1.45
NA,1.2
NA,1.48
NA,1.29
NA,1.06
NA,1.05
NA,1.28
NA,1.23
NA,1.99
NA,1.68
NA,1.74
NA,1.21
NA,1.51
NA,1.51
NA,1.34
NA,1.21
NA,1.03
NA,0.95
NA,1.59
NA,1.21
NA,1.09
NA,1.35
NA,1.51
NA,1.33
NA,1.14
NA,2.05
NA,1.24
NA,1.27
NA,0.94
NA,1.47
NA,2.12
NA,1.29
NA,1.23
NA,0.91
NA,1.51
NA,0.92
NA,1.19
NA,1.17
NA,1.43
NA,1.2
NA,1.64
NA,0.93
NA,1.12
NA,1.03
NA,1.58
NA,1.23
NA,0.98
NA,0.83
NA,1.51
NA,1
NA,1.71
NA,1.77
NA,1.24
NA,1.15
NA,1.34
NA,1.48
NA,1.42
NA,1.4
NA,0.96
NA,1.8
NA,1.1
NA,1.56
NA,1.82
NA,1.13
NA,1.14
NA,1.67
NA,1.26
NA,1.51
NA,1.46
NA,1.08
NA,1.66
NA,1.53
NA,1.07
NA,1.42
NA,1.51
NA,0.92
NA,1.61
NA,1.05
NA,1.01
NA,1.49
NA,1.4
NA,1.29
NA,1.34
NA,1.8
NA,1.62
NA,1.42
NA,1.85
NA,1.36
NA,1.08
NA,1.53
NA,1.2
NA,0.84
NA,1.31
NA,1.57
NA,1.74
NA,1.21
NA,1.28
NA,1.22
NA,1.38
NA,2.31
NA,1.41
NA,1.22
NA,1.13
NA,0.96
NA,1.24
NA,1.46
NA,1.07
NA,1.29
NA,1.12
NA,1.75
NA,0.89
NA,1.22
NA,1.2
NA,1.04
NA,1.1
NA,1.44
NA,1
NA,1.07
NA,1.61
NA,2.1
NA,1.39
NA,1.27
NA,1.86
NA,1.39
NA,1
NA,1.62
NA,1.44
NA,1.26
NA,1.12
NA,1.46
NA,1.17
NA,0.98
NA,1.24
NA,0.99
NA,1.27
NA,1.44
NA,0.99
NA,0.62
NA,1.07
NA,1.39
NA,1.23
NA,0.72
NA,1.37
NA,1.34
NA,1.27
NA,1.03
NA,1.19
NA,1.03
NA,1.01
NA,1.22
NA,1.19
NA,1.24
NA,0.93
NA,0.71
NA,0.74
NA,0.69
NA,1.06
NA,1.27
NA,1
NA,1.52
NA,1.2
NA,1.29
NA,1.3
NA,1.49
NA,1.53
NA,1.26
NA,0.94
NA,0.89
NA,0.98
NA,0.76
NA,1.32
NA,1.04
NA,1.24
NA,1.1
NA,0.88
NA,0.93
NA,0.83
NA,1.37
NA,1.28
NA,1.23
NA,1.28
NA,1.31
NA,1.13
NA,1.79
NA,1.32
NA,1.83
NA,0.88
NA,1.48
NA,1.4
NA,1.06
NA,1.16
NA,1.2
NA,1.25
NA,0.84
NA,1.12
NA,1.57
NA,0.83
NA,1.41
NA,0.95
NA,1.18
NA,1.44
NA,0.99
NA,1.29
NA,1.35
NA,1.79
NA,1.31
NA,0.89
NA,1.17
NA,0.94
NA,0.9
NA,1.29
NA,1.69
NA,0.87
NA,1.46
NA,1.02
NA,0.91
NA,1.31
NA,1.05
NA,1.25
NA,1.11
NA,0.76
NA,0.98
NA,1.3
NA,1.16
NA,1.21
NA,1.37
NA,0.94
NA,1.52
NA,1.45
NA,1.4
NA,1.08
NA,0.8
NA,1.3
NA,0.93
NA,1.23
NA,1.17
NA,0.72
NA,1.05
NA,1.68
NA,0.95
NA,0.96
NA,1.38
NA,1.27
NA,0.84
NA,0.88
NA,1.24
NA,0.91
NA,1.26
NA,1.09
NA,1.11
NA,1.41
NA,1.67
NA,1.09
NA,0.75
NA,0.98
NA,1.29
NA,0.95
NA,0.85
NA,1.1
NA,1.15
NA,0.97
NA,1.14
NA,1.18
NA,1.43
NA,0.99
NA,0.93
NA,1.27
NA,0.68
NA,0.64
NA,1.39
NA,1.11
NA,2.04
NA,1.14
NA,1.17
NA,0.96
NA,0.96
NA,1.03
NA,1.03
NA,1.17
NA,1.36
NA,0.89
NA,1.05
NA,1.16
NA,1.14
NA,1
NA,1.32
NA,1.51
NA,0.75
NA,1.02
NA,0.99
NA,1.03
NA,1.13
NA,1.53
NA,1.3
NA,1.05
NA,1.16
NA,1.35
NA,1.25
NA,1.32
NA,1.04
NA,1.43
NA,1.09
NA,0.68
NA,0.76
NA,0.64
NA,0.83
NA,0.92
NA,0.89
NA,1.22
NA,1.08
NA,1.23
NA,1.19
NA,1.12
NA,1.2
NA,1.12
NA,1.22
NA,1.33
NA,1.57
NA,1.4
NA,1.26
NA,1.3
NA,1.61
NA,0.98
NA,1.64
NA,1.41
NA,1.14
NA,1.48
NA,1.17
NA,1.54
NA,1.58
NA,1.49
NA,1.71
NA,1.45
NA,1.16
NA,1.27
NA,1.55
NA,1.57
NA,1.07
NA,1.22
NA,1.39
NA,1.39
NA,1.21
NA,1.25
NA,1.22
NA,1.16
NA,1.09
NA,1.31
NA,1.82
NA,1.49
NA,1.47
NA,1.99
NA,1.53
NA,2.08
NA,1.75
NA,1.23
NA,1.62
NA,1.5
NA,1.58
NA,1.57
NA,1.86
NA,1.7
NA,2.16
NA,1.8
NA,1.18
NA,1.23
NA,1.4
NA,1.22
NA,1.57
NA,1.45
NA,1.41
NA,1.65
NA,1.53
NA,1.48
NA,1.29
NA,1.52
NA,1.9
NA,1.68
NA,1.63
NA,1.3
NA,1.1
NA,1.56
NA,1.44
NA,1.43
NA,1.56
NA,1.01
NA,1.29
NA,1.13
NA,2.08
NA,1.51
NA,0.58
NA,1.45
NA,1.38
NA,1.83
NA,1.55
NA,1.5
NA,1.6
NA,1.33
NA,1.28
NA,1.18
NA,1.18
NA,0.83
NA,1.01
NA,1.07
NA,1.61
NA,1.35
NA,1.47
NA,1.26
NA,1.67
NA,1.21
NA,1.04
NA,1.22
NA,1.52
NA,1.66
NA,1.35
NA,1.07
NA,1.03
NA,2.2
NA,1.38
NA,1.02
NA,1.43
NA,1
NA,1.56
NA,1.4
NA,0.99
NA,1.34
NA,1.23
NA,0.57
NA,1.25
NA,1.15
NA,1.07
NA,1.55
NA,1.73
NA,0.96
NA,0.66
NA,1.42
NA,1.2
NA,1.18
NA,1.09
NA,0.93
NA,1.32
NA,0.87
NA,1.17
NA,0.66
NA,1.02
NA,1.23
NA,1.05
NA,1.5
NA,1.33
NA,1.46
NA,1.35
NA,1.25
NA,1.12
NA,1.16
NA,1.24
NA,1.72
NA,1.06
NA,0.98
NA,1.73
NA,1.68
NA,1.28
NA,1.18
NA,1.3
NA,1.47
NA,0.99
NA,1.44
NA,1.13
NA,1.28
NA,0.8
NA,0.95
NA,1.81
NA,1.11
NA,1.21
NA,1.32
NA,1.68
NA,1.59
NA,1.43
NA,1.7
NA,1.54
NA,1.33
NA,1.32
NA,1.19
NA,1.64
NA,1.19
NA,1.3
NA,1.61
NA,1.05
NA,1.22
NA,1.39
NA,1.03
NA,1.29
NA,0.96
NA,1.39
NA,1.35
NA,0.93
NA,0.93
NA,1.29
NA,1.18
NA,0.86
NA,1.13
NA,0.93
NA,1.29
NA,1
NA,0.9
NA,1.07
NA,0.88
NA,1.33
NA,1.13
NA,1.29
NA,1.57
NA,1.47
NA,1.12
NA,1.1
NA,1.86
NA,1.5
NA,1.21
NA,1.15
NA,1.04
NA,0.98
NA,1.81
NA,1.11
NA,1.06
NA,1.23
NA,1.45
NA,1.16
NA,1.34
NA,1.38
NA,1.03
NA,0.89
NA,0.75
NA,1.2
NA,1.47
NA,1.1
NA,1.49
NA,1.5
NA,1.15
NA,1.05
NA,1.3
NA,1.19
NA,1.47
NA,1.15
NA,1.18
NA,0.9
NA,1.01
NA,1.31
NA,1.1
NA,0.9
NA,1.14
NA,1.04
NA,1.08
NA,0.8
NA,1.07
NA,1.41
NA,1.1
NA,0.79
NA,0.89
NA,0.86
NA,1.11
NA,0.81
NA,0.86
NA,0.86
NA,1.24
NA,1.01
NA,0.74
NA,0.84
NA,1.19
NA,1.04
NA,1.09
NA,0.85
NA,0.93
NA,0.89
NA,1.05
NA,1.13
NA,0.89
NA,1.1
NA,0.73
NA,0.97
NA,0.98
NA,1.64
NA,0.97
NA,1.09
NA,1.18
NA,0.96
NA,1.1
NA,1.12
NA,1.06
NA,1.24
NA,1.37
NA,1.11
NA,1.01
NA,1.06
NA,0.93
NA,0.77
NA,0.81
NA,0.77
NA,0.9
NA,0.9
NA,1.2
NA,1.12
NA,0.73
NA,0.84
NA,1.01
NA,0.94
NA,1
NA,1
NA,1.03
NA,0.94
NA,1.06
NA,1.31
NA,1.14
NA,1.12
NA,1.03
NA,1.28
NA,1.07
NA,1.02
NA,1.14
NA,1.27
NA,0.63
NA,0.87
NA,0.84
NA,0.95
NA,1.33
NA,1.1
NA,0.87
NA,0.98
NA,0.62
NA,1.32
NA,0.93
NA,1.26
NA,0.73
NA,0.9
NA,1.03
NA,1.04
NA,1.23
NA,1.51
NA,1.15
NA,0.65
NA,1.22
NA,1.36
NA,1.02
NA,0.78
NA,1.7
NA,1
NA,1.09
NA,0.47
NA,1.04
NA,0.81
NA,1.19
NA,1.34
NA,0.82
NA,1.08
NA,0.98
NA,1.33
NA,0.76
NA,0.99
NA,0.75
NA,1.24
NA,0.97
NA,1.01
NA,0.77
NA,0.97
NA,1.04
NA,1.11
NA,1.43
NA,1.45
NA,1.34
NA,1.19
NA,1.3
NA,1.04
NA,1.16
NA,1.01
NA,0.77
NA,1.01
NA,0.88
NA,0.96
NA,0.7
NA,0.55
NA,0.97
NA,1.23
NA,0.87
NA,0.84
NA,0.77
NA,1.1
NA,0.88
NA,0.84
NA,0.95
NA,1.01
NA,1.14
NA,1.15
NA,0.74
NA,1.14
NA,1.42
NA,0.98
NA,1.28
NA,1.26
NA,1.21
NA,1.39
NA,1.05
NA,0.8
NA,0.75
NA,1.17
NA,1.28
NA,1.18
NA,1.22
NA,1.27
NA,1.18
NA,0.87
NA,1.22
NA,1.07
NA,1.23
NA,1.48
NA,1.11
NA,0.7
NA,1.15
NA,0.93
NA,1.07
NA,1.1
NA,0.73
NA,0.73
NA,1.13
NA,0.87
NA,0.81
NA,0.62
NA,0.76
NA,0.83
NA,0.75
NA,0.77
NA,0.71
NA,0.98
NA,0.83
NA,0.74
NA,0.99
NA,1.12
NA,0.85
NA,0.81
NA,0.49
NA,0.81
NA,0.81
NA,1.14
NA,0.91
NA,0.67
NA,1.15
NA,1.22
NA,1.14
NA,1.14
NA,0.95
NA,0.81
NA,1.13
NA,1.02
NA,1.06
NA,0.8
NA,1.12
NA,1
NA,0.93
NA,0.86
NA,1.07
NA,0.88
NA,1.02
NA,0.64
NA,0.96
NA,0.96
NA,0.69
NA,1.35
NA,0.96
NA,0.92
NA,0.98
NA,0.99
NA,0.98
NA,1.74
NA,1.11
NA,0.71
NA,1.05
NA,1.47
NA,0.93
NA,1.39
NA,1.23
NA,1.48
NA,1.22
NA,1.17
NA,0.83
NA,1.16
NA,1.15
NA,1.31
NA,1.04
NA,0.84
NA,1.15
NA,1.4
NA,1.31
NA,1.3
NA,1.55
NA,0.83
NA,1.2
NA,1.23
NA,1.06
NA,1.21
NA,1.41
NA,1.22
NA,1.03
NA,0.96
NA,1.02
NA,1.3
NA,0.74
NA,0.94
NA,1.11
NA,1.07
NA,0.88
NA,0.98
NA,1.33
NA,1
NA,1.24
NA,1.2
NA,1.33
NA,1.23
NA,0.9
NA,1.01
NA,1.04
NA,1.15
NA,1
NA,0.55
NA,1.07
NA,0.85
NA,1.24
NA,0.78
NA,0.94
NA,0.95
NA,0.93
NA,1.03
NA,1.35
NA,0.75
NA,0.97
NA,1.03
NA,1.23
NA,1.09
NA,1.25
NA,1.02
NA,1.05
NA,1.14
NA,0.83
NA,0.76
NA,1.05
NA,1.11
NA,0.61
NA,0.69
NA,1.12
NA,0.82
NA,0.77
NA,1.02
NA,0.88
NA,0.91
NA,0.78
NA,1.26
NA,1.35
NA,1.17
NA,1.19
NA,0.92
NA,0.98
NA,1.07
NA,0.98
NA,0.79
NA,0.93
NA,1.08
NA,0.97
NA,0.86
NA,1.11
NA,0.93
NA,1.12
NA,1.01
NA,0.87
NA,1.05
NA,0.99
NA,0.87
NA,1.15
NA,1.02
NA,1.29
NA,1.11
NA,1.32
NA,1.18
NA,1.07
NA,1.08
NA,1.38
NA,1.04
NA,0.84
NA,0.74
NA,1.1
NA,0.79
NA,1.2
NA,0.96
NA,0.95
NA,0.85
NA,0.99
NA,1.05
NA,0.97
NA,0.7
NA,1.09
NA,1.01
NA,1.4
NA,1.15
NA,0.84
NA,0.9
NA,1.27
NA,0.87
NA,0.98
NA,1.18
NA,1.04
NA,1.26
NA,1.35
NA,1.02
NA,1.1
NA,0.74
NA,1.11
NA,0.92
NA,1.03
NA,1
NA,0.82
NA,1.22
NA,0.74
NA,0.64
NA,0.73
NA,0.76
NA,0.77
NA,0.75
NA,1.25
NA,1.44
NA,0.74
NA,0.89
NA,0.96
NA,0.75
NA,0.93
NA,0.69
NA,0.7
NA,0.79
NA,0.88
NA,0.77
NA,0.83
NA,1.15
NA,0.9
NA,0.94
NA,0.93
NA,0.91
NA,1.23
NA,1.13
NA,0.7
NA,0.69
NA,1.14
NA,1.01
NA,0.98
NA,0.75
NA,1.05
NA,1.01
NA,0.98
NA,0.96
NA,1.01
NA,0.79
NA,0.91
NA,0.89
NA,0.8
NA,0.89
NA,0.85
NA,0.94
NA,1.1
NA,0.89
NA,0.82
NA,1
NA,1.31
NA,1.23
NA,0.94
NA,0.7
NA,0.82
NA,1
NA,0.9
NA,0.59
NA,0.83
NA,0.67
NA,0.85
NA,1.15
NA,1.17
NA,1.45
NA,0.86
NA,1.14
NA,1.15
NA,0.98
NA,0.97
NA,1.61
NA,0.62
NA,1.01
NA,0.81
NA,0.9
NA,0.99
NA,0.94
NA,0.88
NA,0.99
NA,0.61
NA,0.79
NA,0.99
NA,0.96
NA,1.01
NA,0.71
NA,1.16
NA,1.12
NA,1.3
NA,0.9
NA,1.11
NA,0.71
NA,0.81
NA,0.95
NA,0.96
NA,0.71
NA,0.76
NA,0.92
NA,0.77
NA,0.43
NA,0.89
NA,1.25
NA,1.03
NA,0.89
NA,1.15
NA,1
NA,0.71
NA,0.85
NA,0.65
NA,0.99
NA,0.93
NA,0.75
NA,0.99
NA,1.17
NA,1.38
NA,0.74
NA,0.73
NA,1.04
NA,0.97
NA,0.78
NA,0.81
NA,0.79
NA,0.67
NA,0.78
NA,0.93
NA,0.9
NA,0.89
NA,0.84
NA,0.86
NA,0.92
NA,1.14
NA,1.05
NA,1.29
NA,1.31
NA,1.05
NA,1.04
NA,1.39
NA,1.35
NA,0.75
NA,1.08
NA,1.06
NA,1.27
NA,0.98
NA,0.8
NA,1.09
NA,0.78
NA,1.11
NA,1.06
NA,1.11
NA,0.98
NA,1.58
NA,1.49
NA,1.12
NA,1.07
NA,0.81
NA,0.74
NA,1.12
NA,1.54
NA,1.11
NA,1.2
NA,1.18
NA,1.31
NA,0.63
NA,1.29
NA,0.89
NA,1.05
NA,1.19
NA,1.04
NA,0.88
NA,0.76
NA,0.8
NA,0.91
NA,0.84
NA,0.87
NA,0.91
NA,1.21
NA,1.54
NA,0.71
NA,1.13
NA,0.91
NA,1.24
NA,1.11
NA,1.12
NA,1.11
NA,1.04
NA,0.92
NA,0.89
NA,0.86
NA,0.95
NA,1.01
NA,0.8
NA,1.14
NA,1.11
NA,0.79
NA,1
NA,0.94
NA,0.66
NA,1.38
NA,1.28
NA,1
NA,1.04
NA,1.28
NA,1.09
NA,1.15
NA,0.86
NA,1.06
NA,1.43
NA,0.88
NA,1.29
NA,0.96
NA,1.7
NA,1.11
NA,1.38
NA,1.35
NA,0.77
NA,0.96
NA,1.41
NA,1.11
NA,1.13
NA,1.13
NA,0.98
NA,1.08
NA,1.04
NA,1.06
NA,1.1
NA,1.31
NA,1.19
NA,0.98
NA,0.92
NA,1.29
NA,1.35
NA,1.2
NA,1.5
NA,1.05
NA,1.52
NA,1.06
NA,1.22
NA,1.33
NA,1.19
NA,1.7
NA,1.36
NA,1.8
NA,0.8
NA,1.38
NA,1.75
NA,1.52
NA,1.2
NA,0.95
NA,0.92
NA,1.07
NA,1.21
NA,0.86
NA,1.51
NA,0.86
NA,1.25
NA,1.03
NA,1.31
NA,1.27
NA,0.89
NA,1
NA,1.33
NA,1.25
NA,1.67
NA,1.4
NA,1.71
NA,1.3
NA,1.13
NA,1.51
NA,1.56
NA,1.06
NA,1.26
NA,1.12
NA,1.23
NA,0.83
NA,1.25
NA,1.3
NA,1.96
NA,1.08
NA,1.25
NA,1.19
NA,1.49
NA,1.63
NA,1.26
NA,1.43
NA,1.23
NA,1.31
NA,1.14
NA,1.37
NA,1.36
NA,1.22
NA,1.31
NA,1.52
NA,1.29
NA,1.18
NA,1.14
NA,1.12
NA,1.2
NA,1.4
NA,1.45
NA,1.7
NA,1.56
NA,1.39
NA,1.33
NA,1.31
NA,1.35
NA,1.76
NA,1.59
NA,1.23
NA,1.47
NA,1.4
NA,1.52
NA,1.2
NA,1.04
NA,1.19
NA,1.06
NA,1.12
NA,1.25
NA,1.09
NA,1.42
NA,1.04
NA,1.24
NA,1.47
NA,1.22
NA,1.51
NA,1.49
NA,1.14
NA,1.18
NA,1.14
NA,1.5
NA,0.86
NA,1.11
NA,1.44
NA,0.97
NA,1.18
NA,1.45
NA,0.95
NA,1.07
NA,1.53
NA,1.54
NA,0.98
NA,1.02
NA,1.15
NA,1.16
NA,1.5
NA,1.39
NA,1.61
NA,1.5
NA,0.93
NA,0.86
NA,0.86
NA,0.35
NA,1.46
NA,1.09
NA,0.75
NA,1.29
NA,0.86
NA,1.4
NA,0.98
NA,0.98
NA,0.92
NA,1.25
NA,1.09
NA,1.42
NA,1.64
NA,0.86
NA,1.11
NA,1.13
NA,1.35
NA,1.33
NA,0.95
NA,1.06
NA,0.44
NA,0.85
NA,1.2
NA,0.83
NA,0.63
NA,0.95
NA,0.78
NA,1.11
NA,1.13
NA,1.09
NA,1.12
NA,1.18
NA,1.21
NA,1.4
NA,1.11
NA,1.45
NA,0.94
NA,1
NA,1.21
NA,1.81
NA,1.24
NA,1.11
NA,0.47
NA,0.95
NA,1.05
NA,0.91
NA,1.1
NA,1.2
NA,1.09
NA,0.8
NA,0.96
NA,1.61
NA,1.19
NA,1.19
NA,0.98
NA,1.06
NA,1.51
NA,0.96
NA,1.1
NA,0.98
NA,1.16
NA,1.3
NA,0.37
NA,1.07
NA,1.01
NA,0.93
NA,1.03
NA,0.71
NA,0.87
NA,1.06
NA,1.36
NA,1.65
NA,1.34
NA,1.37
NA,0.96
NA,1.42
NA,1.54
NA,1.41
NA,1.34
NA,1.87
NA,1.29
NA,1.85
NA,1.01
NA,1.2
NA,1.31
NA,1.33
NA,0.93
NA,1.2
NA,1.39
NA,0.88
NA,1.24
NA,1.21
NA,1.05
NA,1.15
NA,0.95
NA,1.39
NA,1.33
NA,1.46
NA,0.67
NA,0.93
NA,1.2
NA,1.18
NA,1.09
NA,1.15
NA,0.89
NA,0.99
NA,1.06
NA,0.74
NA,1.03
NA,1.24
NA,1.07
NA,1
NA,1.12
NA,1.08
NA,0.99
NA,0.71
NA,1.22
NA,1.26
NA,0.88
NA,1.02
NA,1.69
NA,1.03
NA,1.12
NA,0.89
NA,1.5
NA,1.35
NA,1.24
NA,0.99
NA,1.15
NA,1.52
NA,1.06
NA,0.82
NA,0.87
NA,1.27
NA,1.04
NA,1.43
NA,1.47
NA,1.25
NA,1.53
NA,1.4
NA,1.26
NA,1.27
NA,1.24
NA,1.12
NA,1.05
NA,1.09
NA,0.95
NA,1
NA,1.47
NA,0.92
NA,1.07
NA,1.03
NA,0.77
NA,1.19
NA,1.56
NA,1.51
NA,1.32
NA,1.32
NA,1.65
NA,1.55
NA,1.09
NA,1.63
NA,1.59
NA,1.19
NA,1.14
NA,1.13
NA,1.54
NA,1.56
NA,0.99
NA,1.23
NA,1.3
NA,1.03
NA,1.1
NA,0.93
NA,1.33
NA,1.32
NA,1.41
NA,1.37
NA,1.02
NA,1.17
NA,1
NA,1.11
NA,1.35
NA,0.81
NA,0.74
NA,1.05
NA,0.81
NA,1.04
NA,0.91
NA,1.17
NA,0.94
NA,1.05
NA,1.01
NA,1.31
NA,1.32
NA,1.29
NA,1.01
NA,1.29
NA,1.14
NA,1.06
NA,1.34
NA,1.35
NA,0.92
NA,0.75
NA,0.79
NA,0.88
NA,0.98
NA,0.86
NA,0.98
NA,1.09
NA,1.06
NA,0.94
NA,0.82
NA,0.91
NA,0.7
NA,1
NA,1.01
NA,1.12
NA,1.01
NA,1.1
NA,0.75
NA,1.03
NA,0.83
NA,1.05
NA,1.08
NA,1.04
NA,1.32
NA,1.02
NA,0.98
NA,1.29
NA,1.1
NA,0.89
NA,0.59
NA,0.97
NA,0.96
NA,1.37
NA,0.51
NA,0.98
NA,1.34
NA,1.39
NA,0.64
NA,1.16
NA,1.72
NA,1.16
NA,1.4
NA,1.15
NA,1.3
NA,1.13
NA,1.6
NA,1.23
NA,1.37
NA,1.03
NA,0.83
NA,1.43
NA,1.22
NA,0.81
NA,1.15
NA,0.96
NA,1.48
NA,1.22
NA,1.57
NA,1.26
NA,0.93
NA,1.28
NA,1.22
NA,0.98
NA,1.36
NA,1.02
NA,1.03
NA,0.78
NA,0.87
NA,0.91
NA,0.95
NA,1.12
NA,0.8
NA,0.94
NA,1.62
NA,1.74
NA,1.73
NA,1.11
NA,1.55
NA,1.28
NA,1.62
NA,1.31
NA,1.24
NA,1.31
NA,1.39
NA,1.27
NA,1.05
NA,1.55
NA,1.28
NA,1.12
NA,1.01
NA,0.94
NA,1.05
NA,1
NA,0.72
NA,1.09
NA,1.06
NA,1
NA,1.02
NA,1.04
NA,1.2
NA,0.89
NA,0.92
NA,1.08
NA,1.23
NA,1.62
NA,1.84
NA,1.04
NA,1.34
NA,1.07
NA,1.23
NA,1.41
NA,1.08
NA,0.87
NA,1.07
NA,0.81
NA,0.88
NA,1.09
NA,1.01
NA,1.16
NA,1.32
NA,1
NA,0.95
NA,0.92
NA,1.6
NA,1.09
NA,1.19
NA,1.24
NA,1.76
NA,1.31
NA,1.28
NA,1.2
NA,1.1
NA,1.34
NA,1.28
NA,0.97
NA,0.77
NA,0.98
NA,0.83
NA,1.24
NA,0.92
NA,0.85
NA,1.08
NA,1.07
NA,1.26
NA,1.32
NA,1.17
NA,1.05
NA,1.11
NA,1.37
NA,1.28
NA,1.11
NA,1.01
NA,1.01
NA,1.32
NA,1.15
NA,1
NA,1.12
NA,0.78
NA,0.91
NA,1.12
NA,0.91
NA,1.1
NA,1.19
NA,1.22
NA,1.31
NA,1.13
NA,0.93
NA,0.96
NA,1.18
NA,1.17
NA,1.42
NA,1.32
NA,1.17
NA,1.63
NA,1.06
NA,1.41
NA,1.15
NA,0.97
NA,1.42
NA,1.07
NA,1.26
NA,0.97
NA,0.98
NA,1.09
NA,0.99
NA,1.21
NA,1.14
NA,0.86
NA,1.13
NA,1.23
NA,0.99
NA,0.99
NA,1
NA,0.93
NA,0.9
NA,1.03
NA,0.85
NA,0.96
NA,1.02
NA,0.64
NA,0.96
NA,1.18
NA,1.01
NA,1.36
NA,1.08
NA,1.09
NA,0.82
NA,0.94
NA,1.12
NA,0.87
NA,1.27
NA,1.15
NA,1.1
NA,0.94
NA,1.16
NA,1.02
NA,1.22
NA,0.8
NA,0.83
NA,1.19
NA,0.86
NA,1.01
NA,1.04
NA,1.05
NA,1.43
NA,0.95
NA,0.68
NA,0.88
NA,0.83
NA,1.01
NA,1
NA,1.08
NA,0.86
NA,0.95
NA,1.32
NA,1.17
NA,0.88
NA,0.94
NA,0.96
NA,0.97
NA,0.82
NA,0.72
NA,0.91
NA,0.86
NA,1.05
NA,0.83
NA,0.97
NA,0.77
NA,0.75
NA,1.06
NA,1.25
NA,1
NA,1.52
NA,1.28
NA,0.98
NA,0.95
NA,1.18
NA,1.25
NA,1.05
NA,1.11
NA,1.07
NA,0.74
NA,1.3
NA,1.21
NA,1.35
NA,0.9
NA,1.01
NA,1.25
NA,1.31
NA,1.19
NA,0.92
NA,1.05
NA,1.11
NA,1.59
NA,1.23
NA,0.91
NA,0.93
NA,0.98
NA,1.1
NA,0.91
NA,0.84
NA,1.09
NA,0.88
NA,0.82
NA,0.55
NA,0.51
NA,0.87
NA,1.05
NA,1.13
NA,0.98
NA,0.97
NA,0.95
NA,1.13
NA,0.97
NA,0.73
NA,1.4
NA,0.87
NA,1.11
NA,1.06
NA,0.63
NA,1.12
NA,1.1
NA,0.97
NA,0.95
NA,0.87
NA,1.01
NA,1.14
NA,1.16
NA,1.19
NA,0.92
NA,0.98
NA,0.93
NA,1.12
NA,1.38
NA,1.08
NA,1.29
NA,0.94
NA,0.92
NA,1.03
NA,1.26
NA,0.76
NA,1.17
NA,1.08
NA,1.19
NA,0.94
NA,1.24
NA,1.25
NA,0.8
NA,0.71
NA,0.98
NA,1.13
NA,1.27
NA,0.86
NA,0.73
NA,1.16
NA,1.15
NA,1.63
NA,1.36
NA,0.97
NA,1.34
NA,1.03
NA,1.02
NA,1.32
NA,0.53
NA,1.02
NA,0.99
NA,1.2
NA,0.84
NA,0.77
NA,0.75
NA,0.67
NA,0.88
NA,0.82
NA,0.74
NA,0.89
NA,0.84
NA,1.14
NA,0.9
NA,0.88
NA,1.07
NA,1.28
NA,0.87
NA,0.96
NA,1.05
NA,0.69
NA,0.8
NA,0.86
NA,0.92
NA,0.93
NA,0.96
NA,1.04
NA,1.35
NA,1.18
NA,0.93
NA,1.22
NA,1.2
NA,1.14
NA,0.67
NA,0.88
NA,1.24
NA,1
NA,1.2
NA,0.98
NA,2.08
NA,1.1
NA,1.15
NA,0.98
NA,1.06
NA,0.9
NA,1.39
NA,0.93
NA,0.72
NA,0.97
NA,0.87
NA,0.96
NA,0.59
NA,1.09
NA,1.04
NA,0.95
NA,1.36
NA,1.04
NA,0.72
NA,0.9
NA,0.87
NA,0.85
NA,1.11
NA,0.65
NA,0.91
NA,1.24
NA,0.86
NA,1.01
NA,0.81
NA,0.99
NA,1.08
NA,1.05
NA,1.13
NA,0.91
NA,1.24
NA,1.28
NA,1.21
NA,1.21
NA,1.09
NA,1.14
NA,0.94
NA,1.23
NA,1.14
NA,1.07
NA,1.19
NA,1.04
NA,1.41
NA,1.04
NA,0.98
NA,1.13
NA,1.13
NA,0.92
NA,1.26
NA,0.96
NA,1.29
NA,1.25
NA,1.18
NA,0.89
NA,0.86
NA,1.05
NA,0.71
NA,0.86
NA,0.94
NA,0.75
NA,0.9
NA,1.17
NA,0.98
NA,1.24
NA,1
NA,0.94
NA,1.14
NA,0.82
NA,1.04
NA,1.14
NA,1.12
NA,1.26
NA,1.4
NA,1.38
NA,1.29
NA,1.65
NA,1.11
NA,1
NA,0.95
NA,1.1
NA,0.54
NA,0.89
NA,0.57
NA,0.62
NA,0.76
NA,0.73
NA,0.97
NA,0.95
NA,1.34
NA,1
NA,0.71
NA,1
NA,1.02
NA,1.03
NA,0.75
NA,0.98
NA,0.82
NA,1.03
NA,0.68
NA,0.74
NA,0.88
NA,0.75
NA,0.97
NA,1.4
NA,1.07
NA,0.88
NA,1.42
NA,1.12
NA,1.17
NA,0.99
NA,1.32
NA,1.44
NA,1.26
NA,1.08
NA,1.32
NA,1.41
NA,1.44
NA,1.12
NA,1.24
NA,1.11
NA,1.36
NA,0.96
NA,0.89
NA,1.06
NA,1.01
NA,1.11
NA,1
NA,1.08
NA,1.01
NA,0.85
NA,1.61
NA,1.4
NA,1.77
NA,1.54
NA,1.32
NA,1.61
NA,1.03
NA,1.28
NA,1.06
NA,1.11
NA,1.04
NA,1.1
NA,1.14
NA,0.84
NA,1.3
NA,1.29
NA,1.12
NA,1.07
NA,1.08
NA,1.32
NA,1.17
NA,1.32
NA,1.21
NA,1.15
NA,1.01
NA,0.85
NA,0.95
NA,0.94
NA,1.3
NA,1.06
NA,1.02
NA,1.22
NA,1.05
NA,0.83
NA,1.06
NA,0.94
NA,1.11
NA,1.01
NA,1.46
NA,1.18
NA,1.08
NA,1.5
NA,0.96
NA,1.03
NA,1.14
NA,1.05
NA,1.3
NA,1.45
NA,1.59
NA,1.36
NA,1.28
NA,1.16
NA,0.95
NA,1.04
NA,1.11
NA,1.25
NA,0.91
NA,0.85
NA,0.85
NA,1.49
NA,1.29
NA,1.58
NA,0.85
NA,1.38
NA,1.3
NA,1.25
NA,1.17
NA,1.19
NA,1.25
NA,1.31
NA,1.64
NA,1.16
NA,1.52
NA,1.29
NA,1.37
NA,1.07
NA,1.02
NA,1.19
NA,1
NA,1.24
NA,1.16
NA,1.07
NA,1.09
NA,1.25
NA,1.59
NA,1.09
NA,1.15
NA,0.98
NA,0.7
NA,1.59
NA,1.38
NA,1.21
NA,1.49
NA,1.28
NA,1.29
NA,0.98
NA,0.94
NA,1.09
NA,0.8
NA,1.37
NA,1.4
NA,1.18
NA,1.27
NA,1.12
NA,1.33
NA,1.15
NA,0.87
NA,1.27
NA,1.07
NA,1.27
NA,0.86
NA,0.94
NA,0.98
NA,0.89
NA,1.35
NA,1.01
NA,1.14
NA,1.54
NA,1.73
NA,1.78
NA,1.13
NA,1.01
NA,1.18
NA,0.97
NA,1.15
NA,1.03
NA,1.31
NA,1.37
NA,1.2
NA,1.43
NA,1.53
NA,1.1
NA,1.42
NA,1.61
NA,1.39
NA,1.43
NA,1.11
NA,1.08
NA,1.2
NA,1.37
NA,0.97
NA,1.05
NA,1.13
NA,1.22
NA,0.92
NA,1.09
NA,1.46
NA,1.37
NA,1.24
NA,1.37
NA,1.18
NA,1.48
NA,0.98
NA,1.39
NA,1.59
NA,1.53
NA,1.13
NA,1.23
NA,1.12
NA,1.36
NA,1.42
NA,1.24
NA,1.02
NA,1.12
NA,1.2
NA,1.08
NA,1.33
NA,1.11
NA,1.2
NA,0.99
NA,0.82
NA,1.25
NA,1.53
NA,1.25
NA,1.17
NA,0.95
NA,1.05
NA,0.95
NA,1.18
NA,1.22
NA,1.09
NA,1.39
NA,1.14
NA,1.03
NA,1.24
NA,1.25
NA,1.25
NA,1.19
NA,1.11
NA,1.52
NA,1.67
NA,1.1
NA,1.28
NA,1.29
NA,1.03
NA,0.99
NA,1.09
NA,1.13
NA,1.55
NA,1.3
NA,1.04
NA,1.09
NA,1.1
NA,1.35
NA,1.31
NA,1.25
NA,1.17
NA,1.33
NA,0.93
NA,0.99
NA,1.04
NA,1.55
NA,1.09
NA,1.11
NA,1.09
NA,1.33
NA,1.26
NA,1.15
NA,1.73
NA,0.94
NA,1.2
NA,1.11
NA,1.21
NA,1.57
NA,1.08
NA,0.92
NA,1.63
NA,1.09
NA,0.95
NA,0.99
NA,1.05
NA,1.14
NA,0.96
NA,0.82
NA,0.96
NA,1.29
NA,1.4
NA,1.24
NA,1.06
NA,1.18
NA,1.33
NA,1.26
NA,0.96
NA,0.94
NA,1.38
NA,1.07
NA,1.08
NA,1.17
NA,0.96
NA,1.16
NA,0.97
NA,1.18
NA,0.85
NA,0.81
NA,1.11
NA,1.2
NA,0.99
NA,1.11
NA,1.03
NA,1
NA,0.99
NA,1.04
NA,0.96
NA,0.8
NA,0.92
NA,1.14
NA,1.21
NA,0.95
NA,1.26
NA,1.73
NA,0.92
NA,1.12
NA,1.06
NA,0.91
NA,1.2
NA,1.06
NA,1.21
NA,1.14
NA,1.34
NA,1.17
NA,1.04
NA,0.99
NA,1.24
NA,0.81
NA,1.63
NA,1.39
NA,1.51
NA,1.04
NA,1.33
NA,1.21
NA,1.08
NA,1.12
NA,0.9
NA,1.46
NA,1.03
NA,1.45
NA,0.99
NA,1.33
NA,1.55
NA,1.33
NA,1.3
NA,1.39
NA,1.13
NA,1.26
NA,0.9
NA,0.86
NA,0.82
NA,1.22
NA,1.11
NA,1.14
NA,1.24
NA,1.3
NA,1.17
NA,0.99
NA,0.98
NA,0.91
NA,0.8
NA,1.31
NA,1.26
NA,1.26
NA,1.19
NA,0.92
NA,0.92
NA,0.84
NA,1.14
NA,1.15
NA,1.6
NA,1.34
NA,1.16
NA,1.15
NA,1.37
NA,1.04
NA,1.21
NA,1.31
NA,1.42
NA,1.31
NA,0.83
NA,0.69
NA,0.77
NA,0.85
NA,0.81
NA,1.34
NA,1.11
NA,0.97
NA,1.09
NA,1.1
NA,1.17
NA,1.3
NA,1.48
NA,1.2
NA,1.29
NA,1.03
NA,1.43
NA,1.19
NA,1.39
NA,1.36
NA,0.89
NA,1.51
NA,0.94
NA,1.44
NA,1.54
NA,1.25
NA,1.43
NA,1.22
NA,1.83
NA,1.4
NA,1.43
NA,1.05
NA,1.21
NA,1.35
NA,1.07
NA,1
NA,1.13
NA,1.22
NA,1.56
NA,0.89
NA,1.09
NA,1.22
NA,1.38
NA,1.57
NA,1.41
NA,1.5
NA,1.57
NA,1.49
NA,1.69
NA,1.7
NA,1.3
NA,1.64
NA,1.51
